name_en,district,frame_utc,max_dbz,cover_pct,nearest_echo_km,category
Akkarayankulam,Kilinochchi,2026-09-15 08:22:48Z,36.0,28.0,0.3,moderate (30-40 dBZ)
Akkarayankulam,Kilinochchi,2026-09-15 08:32:28Z,22.7,24.0,1.7,light (20-30 dBZ)
Akkarayankulam,Kilinochchi,2026-09-15 08:42:49Z,33.3,76.0,0.8,moderate (30-40 dBZ)
Akkarayankulam,Kilinochchi,2026-09-15 08:52:48Z,41.3,68.0,1.2,heavy (40-50 dBZ)
Akkarayankulam,Kilinochchi,2026-09-15 09:00:00Z,33.3,76.0,0.8,moderate (30-40 dBZ)
Akkarayankulam,Kilinochchi,2026-09-15 09:02:44Z,36.0,76.0,0.3,moderate (30-40 dBZ)
Akkarayankulam,Kilinochchi,2026-09-15 10:05:00Z,36.0,76.0,0.3,moderate (30-40 dBZ)
Akkarayankulam,Kilinochchi,2026-09-17 12:12:26Z,20.0,64.0,0.3,light (20-30 dBZ)
Akkarayankulam,Kilinochchi,2026-09-17 13:00:00Z,20.0,64.0,0.3,light (20-30 dBZ)
Akkarayankulam,Kilinochchi,2026-09-17 13:18:00Z,20.0,64.0,0.3,light (20-30 dBZ)
Akkarayankulam,Kilinochchi,2026-09-17 14:01:00Z,20.0,64.0,0.3,light (20-30 dBZ)
Akkarayankulam,Kilinochchi,2026-09-17 15:01:00Z,20.0,64.0,0.3,light (20-30 dBZ)
Akkarayankulam,Kilinochchi,2026-09-17 16:01:00Z,20.0,64.0,0.3,light (20-30 dBZ)
Akkarayankulam,Kilinochchi,2026-09-20 06:52:23Z,20.0,64.0,0.3,light (20-30 dBZ)
Akkarayankulam,Kilinochchi,2026-09-21 12:52:22Z,20.0,64.0,0.3,light (20-30 dBZ)
Akkarayankulam,Kilinochchi,2026-09-22 04:32:22Z,22.7,72.0,0.3,light (20-30 dBZ)
Akkarayankulam,Kilinochchi,2026-09-22 13:01:00Z,22.7,72.0,0.3,light (20-30 dBZ)
Akkarayankulam,Kilinochchi,2026-09-22 14:01:00Z,22.7,72.0,0.3,light (20-30 dBZ)
Akkarayankulam,Kilinochchi,2026-09-22 14:37:00Z,22.7,72.0,0.3,light (20-30 dBZ)
Akkarayankulam,Kilinochchi,2026-09-22 15:03:00Z,22.7,72.0,0.3,light (20-30 dBZ)
Akkarayankulam,Kilinochchi,2026-09-23 14:36:09Z,20.0,64.0,0.3,light (20-30 dBZ)
Akkarayankulam,Kilinochchi,2026-09-23 14:46:09Z,22.7,72.0,0.3,light (20-30 dBZ)
Akkarayankulam,Kilinochchi,2026-09-23 15:01:00Z,22.7,72.0,0.3,light (20-30 dBZ)
Akkarayankulam,Kilinochchi,2026-09-23 16:01:00Z,22.7,72.0,0.3,light (20-30 dBZ)
Akkarayankulam,Kilinochchi,2026-09-23 16:40:00Z,22.7,72.0,0.3,light (20-30 dBZ)
Akkarayankulam,Kilinochchi,2026-09-23 17:01:00Z,22.7,72.0,0.3,light (20-30 dBZ)
Akkarayankulam,Kilinochchi,2026-09-23 19:01:00Z,20.0,64.0,0.3,light (20-30 dBZ)
Akkarayankulam,Kilinochchi,2026-09-23 20:00:00Z,20.0,64.0,0.3,light (20-30 dBZ)
Akkarayankulam,Kilinochchi,2026-09-23 21:01:00Z,20.0,64.0,0.3,light (20-30 dBZ)
Akkarayankulam,Kilinochchi,2026-09-23 22:01:00Z,20.0,64.0,0.3,light (20-30 dBZ)
Akkarayankulam,Kilinochchi,2026-09-24 07:01:00Z,22.7,72.0,0.3,light (20-30 dBZ)
Akkarayankulam,Kilinochchi,2026-09-24 08:01:00Z,22.7,72.0,0.3,light (20-30 dBZ)
Akkarayankulam,Kilinochchi,2026-09-24 09:01:00Z,22.7,72.0,0.3,light (20-30 dBZ)
Akkarayankulam,Kilinochchi,2026-09-24 09:51:00Z,22.7,72.0,0.3,light (20-30 dBZ)
Akkarayankulam,Kilinochchi,2026-09-24 11:01:00Z,22.7,72.0,0.3,light (20-30 dBZ)
Akkarayankulam,Kilinochchi,2026-09-24 12:01:00Z,22.7,72.0,0.3,light (20-30 dBZ)
Akkarayankulam,Kilinochchi,2026-10-01 10:12:23Z,33.3,24.0,1.1,moderate (30-40 dBZ)
Akkarayankulam,Kilinochchi,2026-10-01 10:22:22Z,41.3,36.0,0.3,heavy (40-50 dBZ)
Akkarayankulam,Kilinochchi,2026-10-01 10:32:22Z,36.0,24.0,1.2,moderate (30-40 dBZ)
Akkarayankulam,Kilinochchi,2026-10-03 08:12:23Z,22.7,36.0,1.2,light (20-30 dBZ)
Akkarayankulam,Kilinochchi,2026-10-03 08:22:23Z,28.0,48.0,1.2,light (20-30 dBZ)
Akkarayankulam,Kilinochchi,2026-10-03 08:32:22Z,25.3,40.0,0.8,light (20-30 dBZ)
Akkarayankulam,Kilinochchi,2026-10-03 08:42:23Z,22.7,20.0,1.2,light (20-30 dBZ)
Akkarayankulam,Kilinochchi,2026-10-03 08:52:22Z,20.0,12.0,1.2,light (20-30 dBZ)
Akkarayankulam,Kilinochchi,2026-10-03 09:02:22Z,20.0,4.0,2.2,light (20-30 dBZ)
Akkarayankulam,Kilinochchi,2026-10-03 10:12:22Z,20.0,40.0,0.3,light (20-30 dBZ)
Alampil,Mullaitivu,2026-09-16 12:32:27Z,30.7,8.0,2.6,moderate (30-40 dBZ)
Alampil,Mullaitivu,2026-09-16 12:52:26Z,33.3,16.0,2.3,moderate (30-40 dBZ)
Alampil,Mullaitivu,2026-09-16 13:02:26Z,41.3,16.0,2.3,heavy (40-50 dBZ)
Alampil,Mullaitivu,2026-09-16 13:12:28Z,30.7,16.0,2.3,moderate (30-40 dBZ)
Alampil,Mullaitivu,2026-09-16 13:22:27Z,33.3,8.0,2.1,moderate (30-40 dBZ)
Alampil,Mullaitivu,2026-09-16 13:33:49Z,20.0,8.0,2.5,light (20-30 dBZ)
Alampil,Mullaitivu,2026-09-17 12:12:26Z,20.0,64.0,0.7,light (20-30 dBZ)
Alampil,Mullaitivu,2026-09-17 13:00:00Z,20.0,64.0,0.7,light (20-30 dBZ)
Alampil,Mullaitivu,2026-09-17 13:18:00Z,20.0,64.0,0.7,light (20-30 dBZ)
Alampil,Mullaitivu,2026-09-17 14:01:00Z,20.0,64.0,0.7,light (20-30 dBZ)
Alampil,Mullaitivu,2026-09-17 15:01:00Z,20.0,64.0,0.7,light (20-30 dBZ)
Alampil,Mullaitivu,2026-09-17 16:01:00Z,20.0,64.0,0.7,light (20-30 dBZ)
Alampil,Mullaitivu,2026-09-20 06:52:23Z,20.0,64.0,0.7,light (20-30 dBZ)
Alampil,Mullaitivu,2026-09-21 12:52:22Z,20.0,80.0,0.7,light (20-30 dBZ)
Alampil,Mullaitivu,2026-09-22 04:32:22Z,30.7,92.0,0.5,moderate (30-40 dBZ)
Alampil,Mullaitivu,2026-09-22 13:01:00Z,30.7,92.0,0.5,moderate (30-40 dBZ)
Alampil,Mullaitivu,2026-09-22 14:01:00Z,30.7,92.0,0.5,moderate (30-40 dBZ)
Alampil,Mullaitivu,2026-09-22 14:37:00Z,30.7,92.0,0.5,moderate (30-40 dBZ)
Alampil,Mullaitivu,2026-09-22 15:03:00Z,30.7,92.0,0.5,moderate (30-40 dBZ)
Alampil,Mullaitivu,2026-09-22 15:46:05Z,20.0,4.0,1.7,light (20-30 dBZ)
Alampil,Mullaitivu,2026-09-22 16:01:00Z,20.0,4.0,1.7,light (20-30 dBZ)
Alampil,Mullaitivu,2026-09-23 14:36:09Z,20.0,64.0,0.7,light (20-30 dBZ)
Alampil,Mullaitivu,2026-09-23 14:46:09Z,30.7,92.0,0.5,moderate (30-40 dBZ)
Alampil,Mullaitivu,2026-09-23 15:01:00Z,30.7,92.0,0.5,moderate (30-40 dBZ)
Alampil,Mullaitivu,2026-09-23 16:01:00Z,30.7,92.0,0.5,moderate (30-40 dBZ)
Alampil,Mullaitivu,2026-09-23 16:40:00Z,30.7,92.0,0.5,moderate (30-40 dBZ)
Alampil,Mullaitivu,2026-09-23 17:01:00Z,30.7,92.0,0.5,moderate (30-40 dBZ)
Alampil,Mullaitivu,2026-09-23 18:36:42Z,20.0,4.0,1.7,light (20-30 dBZ)
Alampil,Mullaitivu,2026-09-23 19:01:00Z,20.0,64.0,0.7,light (20-30 dBZ)
Alampil,Mullaitivu,2026-09-23 20:00:00Z,20.0,64.0,0.7,light (20-30 dBZ)
Alampil,Mullaitivu,2026-09-23 21:01:00Z,20.0,64.0,0.7,light (20-30 dBZ)
Alampil,Mullaitivu,2026-09-23 22:01:00Z,20.0,64.0,0.7,light (20-30 dBZ)
Alampil,Mullaitivu,2026-09-24 07:01:00Z,30.7,92.0,0.5,moderate (30-40 dBZ)
Alampil,Mullaitivu,2026-09-24 08:01:00Z,30.7,92.0,0.5,moderate (30-40 dBZ)
Alampil,Mullaitivu,2026-09-24 09:01:00Z,30.7,92.0,0.5,moderate (30-40 dBZ)
Alampil,Mullaitivu,2026-09-24 09:51:00Z,30.7,92.0,0.5,moderate (30-40 dBZ)
Alampil,Mullaitivu,2026-09-24 11:01:00Z,30.7,92.0,0.5,moderate (30-40 dBZ)
Alampil,Mullaitivu,2026-09-24 12:01:00Z,30.7,92.0,0.5,moderate (30-40 dBZ)
Alampil,Mullaitivu,2026-09-24 13:01:00Z,20.0,4.0,1.7,light (20-30 dBZ)
Alampil,Mullaitivu,2026-09-24 18:59:00Z,20.0,4.0,1.7,light (20-30 dBZ)
Alampil,Mullaitivu,2026-09-24 19:01:00Z,20.0,4.0,1.7,light (20-30 dBZ)
Alampil,Mullaitivu,2026-09-26 02:42:22Z,20.0,4.0,1.7,light (20-30 dBZ)
Alampil,Mullaitivu,2026-09-27 12:02:22Z,33.3,56.0,0.5,moderate (30-40 dBZ)
Alampil,Mullaitivu,2026-09-27 12:22:22Z,30.7,60.0,0.5,moderate (30-40 dBZ)
Alampil,Mullaitivu,2026-09-27 12:32:23Z,20.0,4.0,2.2,light (20-30 dBZ)
Alampil,Mullaitivu,2026-09-27 12:52:23Z,20.0,4.0,2.2,light (20-30 dBZ)
Alampil,Mullaitivu,2026-09-27 13:01:00Z,20.0,4.0,2.2,light (20-30 dBZ)
Alampil,Mullaitivu,2026-09-28 10:22:23Z,22.7,4.0,2.3,light (20-30 dBZ)
Alampil,Mullaitivu,2026-09-28 10:32:22Z,25.3,12.0,2.3,light (20-30 dBZ)
Alampil,Mullaitivu,2026-09-28 10:42:23Z,28.0,16.0,2.3,light (20-30 dBZ)
Alampil,Mullaitivu,2026-09-28 10:52:23Z,36.0,16.0,2.3,moderate (30-40 dBZ)
Alampil,Mullaitivu,2026-09-28 11:01:00Z,28.0,16.0,2.3,light (20-30 dBZ)
Alampil,Mullaitivu,2026-09-28 12:01:00Z,36.0,16.0,2.3,moderate (30-40 dBZ)
Alampil,Mullaitivu,2026-09-28 12:02:23Z,28.0,16.0,2.0,light (20-30 dBZ)
Alampil,Mullaitivu,2026-09-28 12:12:23Z,22.7,8.0,2.2,light (20-30 dBZ)
Alampil,Mullaitivu,2026-09-28 12:42:23Z,20.0,20.0,2.1,light (20-30 dBZ)
Alampil,Mullaitivu,2026-09-28 12:52:22Z,25.3,24.0,1.4,light (20-30 dBZ)
Alampil,Mullaitivu,2026-09-28 13:01:00Z,20.0,20.0,2.1,light (20-30 dBZ)
Alampil,Mullaitivu,2026-09-28 13:02:22Z,20.0,20.0,1.4,light (20-30 dBZ)
Alampil,Mullaitivu,2026-09-28 13:42:22Z,20.0,4.0,2.2,light (20-30 dBZ)
Alampil,Mullaitivu,2026-09-28 13:52:23Z,22.7,4.0,2.2,light (20-30 dBZ)
Alampil,Mullaitivu,2026-09-28 14:01:00Z,20.0,4.0,2.2,light (20-30 dBZ)
Alampil,Mullaitivu,2026-09-28 14:02:22Z,20.0,4.0,2.2,light (20-30 dBZ)
Alampil,Mullaitivu,2026-09-28 17:02:22Z,20.0,12.0,0.7,light (20-30 dBZ)
Alampil,Mullaitivu,2026-09-29 12:32:22Z,28.0,28.0,1.4,light (20-30 dBZ)
Alampil,Mullaitivu,2026-10-03 18:22:23Z,20.0,20.0,0.5,light (20-30 dBZ)
Alampil,Mullaitivu,2026-10-03 19:22:22Z,25.3,12.0,2.0,light (20-30 dBZ)
Analaitivu,Jaffna,2026-09-14 20:14:11Z,28.0,4.0,3.0,light (20-30 dBZ)
Analaitivu,Jaffna,2026-09-14 20:23:06Z,22.7,4.0,3.0,light (20-30 dBZ)
Analaitivu,Jaffna,2026-09-14 20:32:30Z,25.3,8.0,2.5,light (20-30 dBZ)
Analaitivu,Jaffna,2026-09-14 20:42:28Z,20.0,4.0,2.5,light (20-30 dBZ)
Analaitivu,Jaffna,2026-09-14 21:00:00Z,20.0,4.0,2.5,light (20-30 dBZ)
Analaitivu,Jaffna,2026-09-17 12:12:26Z,25.3,96.0,0.4,light (20-30 dBZ)
Analaitivu,Jaffna,2026-09-17 13:00:00Z,25.3,96.0,0.4,light (20-30 dBZ)
Analaitivu,Jaffna,2026-09-17 13:18:00Z,25.3,96.0,0.4,light (20-30 dBZ)
Analaitivu,Jaffna,2026-09-17 14:01:00Z,25.3,96.0,0.4,light (20-30 dBZ)
Analaitivu,Jaffna,2026-09-17 15:01:00Z,25.3,96.0,0.4,light (20-30 dBZ)
Analaitivu,Jaffna,2026-09-17 16:01:00Z,25.3,96.0,0.4,light (20-30 dBZ)
Analaitivu,Jaffna,2026-09-20 06:52:23Z,25.3,96.0,0.4,light (20-30 dBZ)
Analaitivu,Jaffna,2026-09-21 12:52:22Z,25.3,96.0,0.4,light (20-30 dBZ)
Analaitivu,Jaffna,2026-09-22 04:32:22Z,25.3,76.0,0.6,light (20-30 dBZ)
Analaitivu,Jaffna,2026-09-22 13:01:00Z,25.3,76.0,0.6,light (20-30 dBZ)
Analaitivu,Jaffna,2026-09-22 14:01:00Z,25.3,76.0,0.6,light (20-30 dBZ)
Analaitivu,Jaffna,2026-09-22 14:37:00Z,25.3,76.0,0.6,light (20-30 dBZ)
Analaitivu,Jaffna,2026-09-22 15:03:00Z,25.3,76.0,0.6,light (20-30 dBZ)
Analaitivu,Jaffna,2026-09-23 14:36:09Z,25.3,96.0,0.4,light (20-30 dBZ)
Analaitivu,Jaffna,2026-09-23 14:46:09Z,25.3,76.0,0.6,light (20-30 dBZ)
Analaitivu,Jaffna,2026-09-23 15:01:00Z,25.3,76.0,0.6,light (20-30 dBZ)
Analaitivu,Jaffna,2026-09-23 16:01:00Z,25.3,76.0,0.6,light (20-30 dBZ)
Analaitivu,Jaffna,2026-09-23 16:40:00Z,25.3,76.0,0.6,light (20-30 dBZ)
Analaitivu,Jaffna,2026-09-23 17:01:00Z,25.3,76.0,0.6,light (20-30 dBZ)
Analaitivu,Jaffna,2026-09-23 19:01:00Z,25.3,96.0,0.4,light (20-30 dBZ)
Analaitivu,Jaffna,2026-09-23 20:00:00Z,25.3,96.0,0.4,light (20-30 dBZ)
Analaitivu,Jaffna,2026-09-23 21:01:00Z,25.3,96.0,0.4,light (20-30 dBZ)
Analaitivu,Jaffna,2026-09-23 22:01:00Z,25.3,96.0,0.4,light (20-30 dBZ)
Analaitivu,Jaffna,2026-09-24 07:01:00Z,25.3,76.0,0.6,light (20-30 dBZ)
Analaitivu,Jaffna,2026-09-24 08:01:00Z,25.3,76.0,0.6,light (20-30 dBZ)
Analaitivu,Jaffna,2026-09-24 09:01:00Z,25.3,76.0,0.6,light (20-30 dBZ)
Analaitivu,Jaffna,2026-09-24 09:51:00Z,25.3,76.0,0.6,light (20-30 dBZ)
Analaitivu,Jaffna,2026-09-24 11:01:00Z,25.3,76.0,0.6,light (20-30 dBZ)
Analaitivu,Jaffna,2026-09-24 12:01:00Z,25.3,76.0,0.6,light (20-30 dBZ)
Analaitivu,Jaffna,2026-10-01 17:32:23Z,22.7,24.0,1.0,light (20-30 dBZ)
Analaitivu,Jaffna,2026-10-01 17:42:23Z,20.0,4.0,2.5,light (20-30 dBZ)
Analaitivu,Jaffna,2026-10-01 18:02:23Z,20.0,4.0,2.4,light (20-30 dBZ)
Analaitivu,Jaffna,2026-10-01 18:52:23Z,22.7,16.0,1.8,light (20-30 dBZ)
Analaitivu,Jaffna,2026-10-01 19:02:22Z,20.0,12.0,1.0,light (20-30 dBZ)
Analaitivu,Jaffna,2026-10-01 19:22:22Z,20.0,8.0,2.5,light (20-30 dBZ)
Atchuvely,Jaffna,2026-09-15 12:53:40Z,20.0,8.0,0.1,light (20-30 dBZ)
Atchuvely,Jaffna,2026-09-17 12:12:26Z,25.3,96.0,0.2,light (20-30 dBZ)
Atchuvely,Jaffna,2026-09-17 13:00:00Z,25.3,96.0,0.2,light (20-30 dBZ)
Atchuvely,Jaffna,2026-09-17 13:18:00Z,25.3,96.0,0.2,light (20-30 dBZ)
Atchuvely,Jaffna,2026-09-17 14:01:00Z,25.3,96.0,0.2,light (20-30 dBZ)
Atchuvely,Jaffna,2026-09-17 15:01:00Z,25.3,96.0,0.2,light (20-30 dBZ)
Atchuvely,Jaffna,2026-09-17 16:01:00Z,25.3,96.0,0.2,light (20-30 dBZ)
Atchuvely,Jaffna,2026-09-20 06:52:23Z,25.3,96.0,0.2,light (20-30 dBZ)
Atchuvely,Jaffna,2026-09-21 12:52:22Z,25.3,100.0,0.2,light (20-30 dBZ)
Atchuvely,Jaffna,2026-09-22 04:32:22Z,25.3,84.0,0.2,light (20-30 dBZ)
Atchuvely,Jaffna,2026-09-22 13:01:00Z,25.3,84.0,0.2,light (20-30 dBZ)
Atchuvely,Jaffna,2026-09-22 14:01:00Z,25.3,84.0,0.2,light (20-30 dBZ)
Atchuvely,Jaffna,2026-09-22 14:37:00Z,25.3,84.0,0.2,light (20-30 dBZ)
Atchuvely,Jaffna,2026-09-22 15:03:00Z,25.3,84.0,0.2,light (20-30 dBZ)
Atchuvely,Jaffna,2026-09-22 15:46:05Z,28.0,20.0,1.8,light (20-30 dBZ)
Atchuvely,Jaffna,2026-09-22 16:01:00Z,28.0,20.0,1.8,light (20-30 dBZ)
Atchuvely,Jaffna,2026-09-23 14:36:09Z,25.3,96.0,0.2,light (20-30 dBZ)
Atchuvely,Jaffna,2026-09-23 14:46:09Z,25.3,84.0,0.2,light (20-30 dBZ)
Atchuvely,Jaffna,2026-09-23 15:01:00Z,25.3,84.0,0.2,light (20-30 dBZ)
Atchuvely,Jaffna,2026-09-23 16:01:00Z,25.3,84.0,0.2,light (20-30 dBZ)
Atchuvely,Jaffna,2026-09-23 16:40:00Z,25.3,84.0,0.2,light (20-30 dBZ)
Atchuvely,Jaffna,2026-09-23 17:01:00Z,25.3,84.0,0.2,light (20-30 dBZ)
Atchuvely,Jaffna,2026-09-23 18:36:42Z,28.0,20.0,1.8,light (20-30 dBZ)
Atchuvely,Jaffna,2026-09-23 19:01:00Z,25.3,96.0,0.2,light (20-30 dBZ)
Atchuvely,Jaffna,2026-09-23 20:00:00Z,25.3,96.0,0.2,light (20-30 dBZ)
Atchuvely,Jaffna,2026-09-23 21:01:00Z,25.3,96.0,0.2,light (20-30 dBZ)
Atchuvely,Jaffna,2026-09-23 22:01:00Z,25.3,96.0,0.2,light (20-30 dBZ)
Atchuvely,Jaffna,2026-09-24 07:01:00Z,25.3,84.0,0.2,light (20-30 dBZ)
Atchuvely,Jaffna,2026-09-24 08:01:00Z,25.3,84.0,0.2,light (20-30 dBZ)
Atchuvely,Jaffna,2026-09-24 09:01:00Z,25.3,84.0,0.2,light (20-30 dBZ)
Atchuvely,Jaffna,2026-09-24 09:51:00Z,25.3,84.0,0.2,light (20-30 dBZ)
Atchuvely,Jaffna,2026-09-24 11:01:00Z,25.3,84.0,0.2,light (20-30 dBZ)
Atchuvely,Jaffna,2026-09-24 12:01:00Z,25.3,84.0,0.2,light (20-30 dBZ)
Atchuvely,Jaffna,2026-09-24 13:01:00Z,28.0,20.0,1.8,light (20-30 dBZ)
Atchuvely,Jaffna,2026-09-24 18:59:00Z,28.0,20.0,1.8,light (20-30 dBZ)
Atchuvely,Jaffna,2026-09-24 19:01:00Z,28.0,20.0,1.8,light (20-30 dBZ)
Atchuvely,Jaffna,2026-09-26 02:42:22Z,28.0,20.0,1.8,light (20-30 dBZ)
Atchuvely,Jaffna,2026-09-26 17:22:22Z,20.0,4.0,1.8,light (20-30 dBZ)
Atchuvely,Jaffna,2026-09-26 17:52:23Z,20.0,4.0,1.8,light (20-30 dBZ)
Atchuvely,Jaffna,2026-09-29 16:42:22Z,20.0,8.0,2.0,light (20-30 dBZ)
Atchuvely,Jaffna,2026-09-29 16:52:23Z,20.0,12.0,1.8,light (20-30 dBZ)
Atchuvely,Jaffna,2026-10-03 18:02:23Z,20.0,4.0,1.8,light (20-30 dBZ)
Atchuvely,Jaffna,2026-10-04 08:02:26Z,20.0,24.0,0.9,light (20-30 dBZ)
Chankanai,Jaffna,2026-09-15 12:42:27Z,20.0,4.0,2.6,light (20-30 dBZ)
Chankanai,Jaffna,2026-09-15 13:00:00Z,20.0,4.0,2.7,light (20-30 dBZ)
Chankanai,Jaffna,2026-09-17 12:12:26Z,25.3,88.0,0.5,light (20-30 dBZ)
Chankanai,Jaffna,2026-09-17 13:00:00Z,25.3,88.0,0.5,light (20-30 dBZ)
Chankanai,Jaffna,2026-09-17 13:18:00Z,25.3,88.0,0.5,light (20-30 dBZ)
Chankanai,Jaffna,2026-09-17 14:01:00Z,25.3,88.0,0.5,light (20-30 dBZ)
Chankanai,Jaffna,2026-09-17 15:01:00Z,25.3,88.0,0.5,light (20-30 dBZ)
Chankanai,Jaffna,2026-09-17 16:01:00Z,25.3,88.0,0.5,light (20-30 dBZ)
Chankanai,Jaffna,2026-09-20 06:52:23Z,25.3,88.0,0.5,light (20-30 dBZ)
Chankanai,Jaffna,2026-09-21 12:52:22Z,25.3,100.0,0.5,light (20-30 dBZ)
Chankanai,Jaffna,2026-09-22 04:32:22Z,25.3,96.0,0.5,light (20-30 dBZ)
Chankanai,Jaffna,2026-09-22 13:01:00Z,25.3,96.0,0.5,light (20-30 dBZ)
Chankanai,Jaffna,2026-09-22 14:01:00Z,25.3,96.0,0.5,light (20-30 dBZ)
Chankanai,Jaffna,2026-09-22 14:37:00Z,25.3,96.0,0.5,light (20-30 dBZ)
Chankanai,Jaffna,2026-09-22 15:03:00Z,25.3,96.0,0.5,light (20-30 dBZ)
Chankanai,Jaffna,2026-09-22 15:46:05Z,20.0,4.0,1.3,light (20-30 dBZ)
Chankanai,Jaffna,2026-09-22 16:01:00Z,20.0,4.0,1.3,light (20-30 dBZ)
Chankanai,Jaffna,2026-09-23 14:36:09Z,25.3,88.0,0.5,light (20-30 dBZ)
Chankanai,Jaffna,2026-09-23 14:46:09Z,25.3,96.0,0.5,light (20-30 dBZ)
Chankanai,Jaffna,2026-09-23 15:01:00Z,25.3,96.0,0.5,light (20-30 dBZ)
Chankanai,Jaffna,2026-09-23 16:01:00Z,25.3,96.0,0.5,light (20-30 dBZ)
Chankanai,Jaffna,2026-09-23 16:40:00Z,25.3,96.0,0.5,light (20-30 dBZ)
Chankanai,Jaffna,2026-09-23 17:01:00Z,25.3,96.0,0.5,light (20-30 dBZ)
Chankanai,Jaffna,2026-09-23 18:36:42Z,20.0,4.0,1.3,light (20-30 dBZ)
Chankanai,Jaffna,2026-09-23 19:01:00Z,25.3,88.0,0.5,light (20-30 dBZ)
Chankanai,Jaffna,2026-09-23 20:00:00Z,25.3,88.0,0.5,light (20-30 dBZ)
Chankanai,Jaffna,2026-09-23 21:01:00Z,25.3,88.0,0.5,light (20-30 dBZ)
Chankanai,Jaffna,2026-09-23 22:01:00Z,25.3,88.0,0.5,light (20-30 dBZ)
Chankanai,Jaffna,2026-09-24 07:01:00Z,25.3,96.0,0.5,light (20-30 dBZ)
Chankanai,Jaffna,2026-09-24 08:01:00Z,25.3,96.0,0.5,light (20-30 dBZ)
Chankanai,Jaffna,2026-09-24 09:01:00Z,25.3,96.0,0.5,light (20-30 dBZ)
Chankanai,Jaffna,2026-09-24 09:51:00Z,25.3,96.0,0.5,light (20-30 dBZ)
Chankanai,Jaffna,2026-09-24 11:01:00Z,25.3,96.0,0.5,light (20-30 dBZ)
Chankanai,Jaffna,2026-09-24 12:01:00Z,25.3,96.0,0.5,light (20-30 dBZ)
Chankanai,Jaffna,2026-09-24 13:01:00Z,20.0,4.0,1.3,light (20-30 dBZ)
Chankanai,Jaffna,2026-09-24 18:59:00Z,20.0,4.0,1.3,light (20-30 dBZ)
Chankanai,Jaffna,2026-09-24 19:01:00Z,20.0,4.0,1.3,light (20-30 dBZ)
Chankanai,Jaffna,2026-09-26 02:42:22Z,20.0,4.0,1.3,light (20-30 dBZ)
Chankanai,Jaffna,2026-10-02 06:12:22Z,20.0,4.0,2.2,light (20-30 dBZ)
Chankanai,Jaffna,2026-10-02 06:22:23Z,20.0,4.0,2.3,light (20-30 dBZ)
Chankanai,Jaffna,2026-10-02 06:32:23Z,20.0,12.0,0.5,light (20-30 dBZ)
Chankanai,Jaffna,2026-10-02 06:52:23Z,28.0,32.0,0.5,light (20-30 dBZ)
Chankanai,Jaffna,2026-10-02 07:02:25Z,20.0,8.0,2.2,light (20-30 dBZ)
Chankanai,Jaffna,2026-10-03 10:12:22Z,36.0,44.0,0.6,moderate (30-40 dBZ)
Chankanai,Jaffna,2026-10-03 19:02:22Z,20.0,4.0,2.3,light (20-30 dBZ)
Chankanai,Jaffna,2026-10-04 08:02:26Z,30.7,56.0,0.5,moderate (30-40 dBZ)
Chankanai,Jaffna,2026-10-04 08:22:27Z,33.3,64.0,0.6,moderate (30-40 dBZ)
Chankanai,Jaffna,2026-10-04 08:32:27Z,33.3,52.0,1.4,moderate (30-40 dBZ)
Chavakachcheri,Jaffna,2026-09-15 06:52:28Z,22.7,8.0,1.8,light (20-30 dBZ)
Chavakachcheri,Jaffna,2026-09-15 07:03:48Z,20.0,4.0,1.8,light (20-30 dBZ)
Chavakachcheri,Jaffna,2026-09-15 07:34:00Z,20.0,4.0,1.8,light (20-30 dBZ)
Chavakachcheri,Jaffna,2026-09-15 12:53:40Z,20.0,12.0,1.8,light (20-30 dBZ)
Chavakachcheri,Jaffna,2026-09-15 13:12:56Z,22.7,4.0,0.5,light (20-30 dBZ)
Chavakachcheri,Jaffna,2026-09-16 08:42:26Z,20.0,12.0,1.8,light (20-30 dBZ)
Chavakachcheri,Jaffna,2026-09-16 09:00:00Z,20.0,12.0,1.8,light (20-30 dBZ)
Chavakachcheri,Jaffna,2026-09-16 12:32:27Z,20.0,16.0,0.5,light (20-30 dBZ)
Chavakachcheri,Jaffna,2026-09-17 12:12:26Z,25.3,92.0,0.4,light (20-30 dBZ)
Chavakachcheri,Jaffna,2026-09-17 13:00:00Z,25.3,92.0,0.4,light (20-30 dBZ)
Chavakachcheri,Jaffna,2026-09-17 13:18:00Z,25.3,92.0,0.4,light (20-30 dBZ)
Chavakachcheri,Jaffna,2026-09-17 14:01:00Z,25.3,92.0,0.4,light (20-30 dBZ)
Chavakachcheri,Jaffna,2026-09-17 15:01:00Z,25.3,92.0,0.4,light (20-30 dBZ)
Chavakachcheri,Jaffna,2026-09-17 16:01:00Z,25.3,92.0,0.4,light (20-30 dBZ)
Chavakachcheri,Jaffna,2026-09-20 06:52:23Z,25.3,92.0,0.4,light (20-30 dBZ)
Chavakachcheri,Jaffna,2026-09-21 12:52:22Z,25.3,92.0,0.4,light (20-30 dBZ)
Chavakachcheri,Jaffna,2026-09-22 04:32:22Z,25.3,76.0,0.4,light (20-30 dBZ)
Chavakachcheri,Jaffna,2026-09-22 13:01:00Z,25.3,76.0,0.4,light (20-30 dBZ)
Chavakachcheri,Jaffna,2026-09-22 14:01:00Z,25.3,76.0,0.4,light (20-30 dBZ)
Chavakachcheri,Jaffna,2026-09-22 14:37:00Z,25.3,76.0,0.4,light (20-30 dBZ)
Chavakachcheri,Jaffna,2026-09-22 15:03:00Z,25.3,76.0,0.4,light (20-30 dBZ)
Chavakachcheri,Jaffna,2026-09-22 15:46:05Z,20.0,4.0,1.8,light (20-30 dBZ)
Chavakachcheri,Jaffna,2026-09-22 16:01:00Z,20.0,4.0,1.8,light (20-30 dBZ)
Chavakachcheri,Jaffna,2026-09-23 14:36:09Z,25.3,92.0,0.4,light (20-30 dBZ)
Chavakachcheri,Jaffna,2026-09-23 14:46:09Z,25.3,76.0,0.4,light (20-30 dBZ)
Chavakachcheri,Jaffna,2026-09-23 15:01:00Z,25.3,76.0,0.4,light (20-30 dBZ)
Chavakachcheri,Jaffna,2026-09-23 16:01:00Z,25.3,76.0,0.4,light (20-30 dBZ)
Chavakachcheri,Jaffna,2026-09-23 16:40:00Z,25.3,76.0,0.4,light (20-30 dBZ)
Chavakachcheri,Jaffna,2026-09-23 17:01:00Z,25.3,76.0,0.4,light (20-30 dBZ)
Chavakachcheri,Jaffna,2026-09-23 18:36:42Z,20.0,4.0,1.8,light (20-30 dBZ)
Chavakachcheri,Jaffna,2026-09-23 19:01:00Z,25.3,92.0,0.4,light (20-30 dBZ)
Chavakachcheri,Jaffna,2026-09-23 20:00:00Z,25.3,92.0,0.4,light (20-30 dBZ)
Chavakachcheri,Jaffna,2026-09-23 21:01:00Z,25.3,92.0,0.4,light (20-30 dBZ)
Chavakachcheri,Jaffna,2026-09-23 22:01:00Z,25.3,92.0,0.4,light (20-30 dBZ)
Chavakachcheri,Jaffna,2026-09-24 07:01:00Z,25.3,76.0,0.4,light (20-30 dBZ)
Chavakachcheri,Jaffna,2026-09-24 08:01:00Z,25.3,76.0,0.4,light (20-30 dBZ)
Chavakachcheri,Jaffna,2026-09-24 09:01:00Z,25.3,76.0,0.4,light (20-30 dBZ)
Chavakachcheri,Jaffna,2026-09-24 09:51:00Z,25.3,76.0,0.4,light (20-30 dBZ)
Chavakachcheri,Jaffna,2026-09-24 11:01:00Z,25.3,76.0,0.4,light (20-30 dBZ)
Chavakachcheri,Jaffna,2026-09-24 12:01:00Z,25.3,76.0,0.4,light (20-30 dBZ)
Chavakachcheri,Jaffna,2026-09-24 13:01:00Z,20.0,4.0,1.8,light (20-30 dBZ)
Chavakachcheri,Jaffna,2026-09-24 18:59:00Z,20.0,4.0,1.8,light (20-30 dBZ)
Chavakachcheri,Jaffna,2026-09-24 19:01:00Z,20.0,4.0,1.8,light (20-30 dBZ)
Chavakachcheri,Jaffna,2026-09-26 02:42:22Z,20.0,4.0,1.8,light (20-30 dBZ)
Chavakachcheri,Jaffna,2026-09-26 13:12:22Z,20.0,4.0,0.4,light (20-30 dBZ)
Chavakachcheri,Jaffna,2026-09-26 13:52:23Z,28.0,12.0,0.4,light (20-30 dBZ)
Chavakachcheri,Jaffna,2026-09-26 15:22:23Z,44.0,16.0,0.4,heavy (40-50 dBZ)
Chavakachcheri,Jaffna,2026-09-26 15:32:22Z,22.7,28.0,1.0,light (20-30 dBZ)
Chavakachcheri,Jaffna,2026-09-26 15:52:22Z,30.7,20.0,0.4,moderate (30-40 dBZ)
Chavakachcheri,Jaffna,2026-09-26 16:02:22Z,28.0,28.0,0.5,light (20-30 dBZ)
Chavakachcheri,Jaffna,2026-09-26 16:12:22Z,33.3,36.0,0.5,moderate (30-40 dBZ)
Chavakachcheri,Jaffna,2026-09-26 16:32:23Z,20.0,4.0,1.8,light (20-30 dBZ)
Chavakachcheri,Jaffna,2026-09-26 16:52:23Z,20.0,8.0,1.1,light (20-30 dBZ)
Chavakachcheri,Jaffna,2026-09-26 17:02:22Z,20.0,4.0,1.8,light (20-30 dBZ)
Chavakachcheri,Jaffna,2026-09-26 17:32:22Z,20.0,28.0,0.4,light (20-30 dBZ)
Chavakachcheri,Jaffna,2026-09-26 18:01:00Z,20.0,28.0,0.4,light (20-30 dBZ)
Chavakachcheri,Jaffna,2026-09-28 12:52:22Z,22.7,24.0,0.5,light (20-30 dBZ)
Chavakachcheri,Jaffna,2026-09-28 13:32:22Z,20.0,20.0,0.5,light (20-30 dBZ)
Chavakachcheri,Jaffna,2026-09-28 16:42:22Z,22.7,24.0,0.5,light (20-30 dBZ)
Chavakachcheri,Jaffna,2026-09-28 17:01:00Z,22.7,24.0,0.5,light (20-30 dBZ)
Chavakachcheri,Jaffna,2026-10-01 10:22:22Z,28.0,16.0,0.4,light (20-30 dBZ)
Chavakachcheri,Jaffna,2026-10-01 11:12:23Z,28.0,28.0,0.5,light (20-30 dBZ)
Chavakachcheri,Jaffna,2026-10-01 15:42:23Z,20.0,24.0,0.5,light (20-30 dBZ)
Chavakachcheri,Jaffna,2026-10-01 18:22:24Z,22.7,28.0,0.5,light (20-30 dBZ)
Chavakachcheri,Jaffna,2026-10-02 21:02:22Z,30.7,16.0,1.8,moderate (30-40 dBZ)
Chavakachcheri,Jaffna,2026-10-02 21:12:23Z,33.3,24.0,1.1,moderate (30-40 dBZ)
Chavakachcheri,Jaffna,2026-10-02 21:32:23Z,25.3,12.0,2.0,light (20-30 dBZ)
Chavakachcheri,Jaffna,2026-10-03 08:42:23Z,20.0,4.0,1.8,light (20-30 dBZ)
Chavakachcheri,Jaffna,2026-10-03 08:52:22Z,28.0,24.0,0.4,light (20-30 dBZ)
Chavakachcheri,Jaffna,2026-10-03 09:02:22Z,20.0,4.0,2.5,light (20-30 dBZ)
Chavakachcheri,Jaffna,2026-10-04 08:22:27Z,25.3,16.0,2.0,light (20-30 dBZ)
Chavakachcheri,Jaffna,2026-10-04 08:32:27Z,44.0,36.0,1.1,heavy (40-50 dBZ)
Chundikkulam,Kilinochchi,2026-09-15 23:32:38Z,20.0,16.0,0.7,light (20-30 dBZ)
Chundikkulam,Kilinochchi,2026-09-16 00:00:00Z,20.0,16.0,0.7,light (20-30 dBZ)
Chundikkulam,Kilinochchi,2026-09-16 10:02:27Z,25.3,32.0,0.7,light (20-30 dBZ)
Chundikkulam,Kilinochchi,2026-09-16 10:22:29Z,44.0,68.0,0.6,heavy (40-50 dBZ)
Chundikkulam,Kilinochchi,2026-09-16 10:32:25Z,44.0,96.0,0.6,heavy (40-50 dBZ)
Chundikkulam,Kilinochchi,2026-09-16 11:01:00Z,44.0,96.0,0.6,heavy (40-50 dBZ)
Chundikkulam,Kilinochchi,2026-09-17 12:12:26Z,20.0,92.0,0.6,light (20-30 dBZ)
Chundikkulam,Kilinochchi,2026-09-17 13:00:00Z,20.0,92.0,0.6,light (20-30 dBZ)
Chundikkulam,Kilinochchi,2026-09-17 13:18:00Z,20.0,92.0,0.6,light (20-30 dBZ)
Chundikkulam,Kilinochchi,2026-09-17 14:01:00Z,20.0,92.0,0.6,light (20-30 dBZ)
Chundikkulam,Kilinochchi,2026-09-17 15:01:00Z,20.0,92.0,0.6,light (20-30 dBZ)
Chundikkulam,Kilinochchi,2026-09-17 16:01:00Z,20.0,92.0,0.6,light (20-30 dBZ)
Chundikkulam,Kilinochchi,2026-09-20 06:52:23Z,20.0,92.0,0.6,light (20-30 dBZ)
Chundikkulam,Kilinochchi,2026-09-21 12:52:22Z,20.0,92.0,0.6,light (20-30 dBZ)
Chundikkulam,Kilinochchi,2026-09-22 04:32:22Z,22.7,68.0,0.6,light (20-30 dBZ)
Chundikkulam,Kilinochchi,2026-09-22 13:01:00Z,22.7,68.0,0.6,light (20-30 dBZ)
Chundikkulam,Kilinochchi,2026-09-22 14:01:00Z,22.7,68.0,0.6,light (20-30 dBZ)
Chundikkulam,Kilinochchi,2026-09-22 14:37:00Z,22.7,68.0,0.6,light (20-30 dBZ)
Chundikkulam,Kilinochchi,2026-09-22 15:03:00Z,22.7,68.0,0.6,light (20-30 dBZ)
Chundikkulam,Kilinochchi,2026-09-22 15:46:05Z,20.0,4.0,2.4,light (20-30 dBZ)
Chundikkulam,Kilinochchi,2026-09-22 16:01:00Z,20.0,4.0,2.4,light (20-30 dBZ)
Chundikkulam,Kilinochchi,2026-09-23 14:36:09Z,20.0,92.0,0.6,light (20-30 dBZ)
Chundikkulam,Kilinochchi,2026-09-23 14:46:09Z,22.7,68.0,0.6,light (20-30 dBZ)
Chundikkulam,Kilinochchi,2026-09-23 15:01:00Z,22.7,68.0,0.6,light (20-30 dBZ)
Chundikkulam,Kilinochchi,2026-09-23 16:01:00Z,22.7,68.0,0.6,light (20-30 dBZ)
Chundikkulam,Kilinochchi,2026-09-23 16:40:00Z,22.7,68.0,0.6,light (20-30 dBZ)
Chundikkulam,Kilinochchi,2026-09-23 17:01:00Z,22.7,68.0,0.6,light (20-30 dBZ)
Chundikkulam,Kilinochchi,2026-09-23 18:36:42Z,20.0,4.0,2.4,light (20-30 dBZ)
Chundikkulam,Kilinochchi,2026-09-23 19:01:00Z,20.0,92.0,0.6,light (20-30 dBZ)
Chundikkulam,Kilinochchi,2026-09-23 20:00:00Z,20.0,92.0,0.6,light (20-30 dBZ)
Chundikkulam,Kilinochchi,2026-09-23 21:01:00Z,20.0,92.0,0.6,light (20-30 dBZ)
Chundikkulam,Kilinochchi,2026-09-23 22:01:00Z,20.0,92.0,0.6,light (20-30 dBZ)
Chundikkulam,Kilinochchi,2026-09-24 07:01:00Z,22.7,68.0,0.6,light (20-30 dBZ)
Chundikkulam,Kilinochchi,2026-09-24 08:01:00Z,22.7,68.0,0.6,light (20-30 dBZ)
Chundikkulam,Kilinochchi,2026-09-24 09:01:00Z,22.7,68.0,0.6,light (20-30 dBZ)
Chundikkulam,Kilinochchi,2026-09-24 09:51:00Z,22.7,68.0,0.6,light (20-30 dBZ)
Chundikkulam,Kilinochchi,2026-09-24 11:01:00Z,22.7,68.0,0.6,light (20-30 dBZ)
Chundikkulam,Kilinochchi,2026-09-24 12:01:00Z,22.7,68.0,0.6,light (20-30 dBZ)
Chundikkulam,Kilinochchi,2026-09-24 13:01:00Z,20.0,4.0,2.4,light (20-30 dBZ)
Chundikkulam,Kilinochchi,2026-09-24 18:59:00Z,20.0,4.0,2.4,light (20-30 dBZ)
Chundikkulam,Kilinochchi,2026-09-24 19:01:00Z,20.0,4.0,2.4,light (20-30 dBZ)
Chundikkulam,Kilinochchi,2026-09-26 02:42:22Z,20.0,4.0,2.4,light (20-30 dBZ)
Chundikkulam,Kilinochchi,2026-09-28 08:22:23Z,25.3,60.0,0.6,light (20-30 dBZ)
Chundikkulam,Kilinochchi,2026-09-28 08:32:23Z,36.0,48.0,0.6,moderate (30-40 dBZ)
Chundikkulam,Kilinochchi,2026-09-28 08:42:22Z,44.0,84.0,0.6,heavy (40-50 dBZ)
Chundikkulam,Kilinochchi,2026-09-28 08:52:23Z,36.0,68.0,0.6,moderate (30-40 dBZ)
Chundikkulam,Kilinochchi,2026-09-28 09:01:00Z,44.0,84.0,0.6,heavy (40-50 dBZ)
Chundikkulam,Kilinochchi,2026-09-28 09:02:22Z,41.3,64.0,0.7,heavy (40-50 dBZ)
Chundikkulam,Kilinochchi,2026-09-28 10:01:00Z,41.3,64.0,0.7,heavy (40-50 dBZ)
Chundikkulam,Kilinochchi,2026-09-28 10:22:23Z,20.0,12.0,2.0,light (20-30 dBZ)
Chundikkulam,Kilinochchi,2026-09-28 10:32:22Z,28.0,8.0,2.0,light (20-30 dBZ)
Chundikkulam,Kilinochchi,2026-09-28 10:42:23Z,20.0,16.0,1.6,light (20-30 dBZ)
Chundikkulam,Kilinochchi,2026-09-28 11:01:00Z,20.0,16.0,1.6,light (20-30 dBZ)
Chunnakam,Jaffna,2026-09-17 12:12:26Z,25.3,88.0,0.3,light (20-30 dBZ)
Chunnakam,Jaffna,2026-09-17 13:00:00Z,25.3,88.0,0.3,light (20-30 dBZ)
Chunnakam,Jaffna,2026-09-17 13:18:00Z,25.3,88.0,0.3,light (20-30 dBZ)
Chunnakam,Jaffna,2026-09-17 14:01:00Z,25.3,88.0,0.3,light (20-30 dBZ)
Chunnakam,Jaffna,2026-09-17 15:01:00Z,25.3,88.0,0.3,light (20-30 dBZ)
Chunnakam,Jaffna,2026-09-17 16:01:00Z,25.3,88.0,0.3,light (20-30 dBZ)
Chunnakam,Jaffna,2026-09-20 06:52:23Z,25.3,88.0,0.3,light (20-30 dBZ)
Chunnakam,Jaffna,2026-09-21 12:52:22Z,25.3,100.0,0.3,light (20-30 dBZ)
Chunnakam,Jaffna,2026-09-22 04:32:22Z,25.3,92.0,0.3,light (20-30 dBZ)
Chunnakam,Jaffna,2026-09-22 13:01:00Z,25.3,92.0,0.3,light (20-30 dBZ)
Chunnakam,Jaffna,2026-09-22 14:01:00Z,25.3,92.0,0.3,light (20-30 dBZ)
Chunnakam,Jaffna,2026-09-22 14:37:00Z,25.3,92.0,0.3,light (20-30 dBZ)
Chunnakam,Jaffna,2026-09-22 15:03:00Z,25.3,92.0,0.3,light (20-30 dBZ)
Chunnakam,Jaffna,2026-09-22 15:46:05Z,28.0,80.0,0.3,light (20-30 dBZ)
Chunnakam,Jaffna,2026-09-22 16:01:00Z,28.0,80.0,0.3,light (20-30 dBZ)
Chunnakam,Jaffna,2026-09-23 14:36:09Z,25.3,88.0,0.3,light (20-30 dBZ)
Chunnakam,Jaffna,2026-09-23 14:46:09Z,25.3,92.0,0.3,light (20-30 dBZ)
Chunnakam,Jaffna,2026-09-23 15:01:00Z,25.3,92.0,0.3,light (20-30 dBZ)
Chunnakam,Jaffna,2026-09-23 16:01:00Z,25.3,92.0,0.3,light (20-30 dBZ)
Chunnakam,Jaffna,2026-09-23 16:40:00Z,25.3,92.0,0.3,light (20-30 dBZ)
Chunnakam,Jaffna,2026-09-23 17:01:00Z,25.3,92.0,0.3,light (20-30 dBZ)
Chunnakam,Jaffna,2026-09-23 18:36:42Z,28.0,80.0,0.3,light (20-30 dBZ)
Chunnakam,Jaffna,2026-09-23 19:01:00Z,25.3,88.0,0.3,light (20-30 dBZ)
Chunnakam,Jaffna,2026-09-23 20:00:00Z,25.3,88.0,0.3,light (20-30 dBZ)
Chunnakam,Jaffna,2026-09-23 21:01:00Z,25.3,88.0,0.3,light (20-30 dBZ)
Chunnakam,Jaffna,2026-09-23 22:01:00Z,25.3,88.0,0.3,light (20-30 dBZ)
Chunnakam,Jaffna,2026-09-24 07:01:00Z,25.3,92.0,0.3,light (20-30 dBZ)
Chunnakam,Jaffna,2026-09-24 08:01:00Z,25.3,92.0,0.3,light (20-30 dBZ)
Chunnakam,Jaffna,2026-09-24 09:01:00Z,25.3,92.0,0.3,light (20-30 dBZ)
Chunnakam,Jaffna,2026-09-24 09:51:00Z,25.3,92.0,0.3,light (20-30 dBZ)
Chunnakam,Jaffna,2026-09-24 11:01:00Z,25.3,92.0,0.3,light (20-30 dBZ)
Chunnakam,Jaffna,2026-09-24 12:01:00Z,25.3,92.0,0.3,light (20-30 dBZ)
Chunnakam,Jaffna,2026-09-24 13:01:00Z,28.0,80.0,0.3,light (20-30 dBZ)
Chunnakam,Jaffna,2026-09-24 18:59:00Z,28.0,80.0,0.3,light (20-30 dBZ)
Chunnakam,Jaffna,2026-09-24 19:01:00Z,28.0,80.0,0.3,light (20-30 dBZ)
Chunnakam,Jaffna,2026-09-26 02:42:22Z,28.0,80.0,0.3,light (20-30 dBZ)
Chunnakam,Jaffna,2026-09-26 17:22:22Z,20.0,12.0,1.1,light (20-30 dBZ)
Chunnakam,Jaffna,2026-10-01 11:12:23Z,22.7,4.0,3.0,light (20-30 dBZ)
Chunnakam,Jaffna,2026-10-02 06:52:23Z,22.7,12.0,0.7,light (20-30 dBZ)
Chunnakam,Jaffna,2026-10-02 07:02:25Z,20.0,16.0,0.7,light (20-30 dBZ)
Chunnakam,Jaffna,2026-10-03 18:02:23Z,22.7,40.0,0.9,light (20-30 dBZ)
Chunnakam,Jaffna,2026-10-04 08:02:26Z,41.3,64.0,0.7,heavy (40-50 dBZ)
Chunnakam,Jaffna,2026-10-04 08:22:27Z,36.0,40.0,0.8,moderate (30-40 dBZ)
Chunnakam,Jaffna,2026-10-04 08:32:27Z,44.0,20.0,1.3,heavy (40-50 dBZ)
Dharmapuram,Kilinochchi,2026-09-15 23:22:01Z,20.0,24.0,1.0,light (20-30 dBZ)
Dharmapuram,Kilinochchi,2026-09-16 10:02:27Z,28.0,52.0,0.7,light (20-30 dBZ)
Dharmapuram,Kilinochchi,2026-09-16 10:22:29Z,22.7,60.0,0.7,light (20-30 dBZ)
Dharmapuram,Kilinochchi,2026-09-16 10:32:25Z,20.0,24.0,1.0,light (20-30 dBZ)
Dharmapuram,Kilinochchi,2026-09-16 11:01:00Z,20.0,24.0,1.0,light (20-30 dBZ)
Dharmapuram,Kilinochchi,2026-09-17 12:12:26Z,20.0,40.0,0.3,light (20-30 dBZ)
Dharmapuram,Kilinochchi,2026-09-17 13:00:00Z,20.0,40.0,0.3,light (20-30 dBZ)
Dharmapuram,Kilinochchi,2026-09-17 13:18:00Z,20.0,40.0,0.3,light (20-30 dBZ)
Dharmapuram,Kilinochchi,2026-09-17 14:01:00Z,20.0,40.0,0.3,light (20-30 dBZ)
Dharmapuram,Kilinochchi,2026-09-17 15:01:00Z,20.0,40.0,0.3,light (20-30 dBZ)
Dharmapuram,Kilinochchi,2026-09-17 16:01:00Z,20.0,40.0,0.3,light (20-30 dBZ)
Dharmapuram,Kilinochchi,2026-09-20 06:52:23Z,20.0,40.0,0.3,light (20-30 dBZ)
Dharmapuram,Kilinochchi,2026-09-21 12:52:22Z,20.0,40.0,0.3,light (20-30 dBZ)
Dharmapuram,Kilinochchi,2026-09-22 04:32:22Z,22.7,56.0,0.3,light (20-30 dBZ)
Dharmapuram,Kilinochchi,2026-09-22 13:01:00Z,22.7,56.0,0.3,light (20-30 dBZ)
Dharmapuram,Kilinochchi,2026-09-22 14:01:00Z,22.7,56.0,0.3,light (20-30 dBZ)
Dharmapuram,Kilinochchi,2026-09-22 14:37:00Z,22.7,56.0,0.3,light (20-30 dBZ)
Dharmapuram,Kilinochchi,2026-09-22 15:03:00Z,22.7,56.0,0.3,light (20-30 dBZ)
Dharmapuram,Kilinochchi,2026-09-23 14:36:09Z,20.0,40.0,0.3,light (20-30 dBZ)
Dharmapuram,Kilinochchi,2026-09-23 14:46:09Z,22.7,56.0,0.3,light (20-30 dBZ)
Dharmapuram,Kilinochchi,2026-09-23 15:01:00Z,22.7,56.0,0.3,light (20-30 dBZ)
Dharmapuram,Kilinochchi,2026-09-23 16:01:00Z,22.7,56.0,0.3,light (20-30 dBZ)
Dharmapuram,Kilinochchi,2026-09-23 16:40:00Z,22.7,56.0,0.3,light (20-30 dBZ)
Dharmapuram,Kilinochchi,2026-09-23 17:01:00Z,22.7,56.0,0.3,light (20-30 dBZ)
Dharmapuram,Kilinochchi,2026-09-23 19:01:00Z,20.0,40.0,0.3,light (20-30 dBZ)
Dharmapuram,Kilinochchi,2026-09-23 20:00:00Z,20.0,40.0,0.3,light (20-30 dBZ)
Dharmapuram,Kilinochchi,2026-09-23 21:01:00Z,20.0,40.0,0.3,light (20-30 dBZ)
Dharmapuram,Kilinochchi,2026-09-23 22:01:00Z,20.0,40.0,0.3,light (20-30 dBZ)
Dharmapuram,Kilinochchi,2026-09-24 07:01:00Z,22.7,56.0,0.3,light (20-30 dBZ)
Dharmapuram,Kilinochchi,2026-09-24 08:01:00Z,22.7,56.0,0.3,light (20-30 dBZ)
Dharmapuram,Kilinochchi,2026-09-24 09:01:00Z,22.7,56.0,0.3,light (20-30 dBZ)
Dharmapuram,Kilinochchi,2026-09-24 09:51:00Z,22.7,56.0,0.3,light (20-30 dBZ)
Dharmapuram,Kilinochchi,2026-09-24 11:01:00Z,22.7,56.0,0.3,light (20-30 dBZ)
Dharmapuram,Kilinochchi,2026-09-24 12:01:00Z,22.7,56.0,0.3,light (20-30 dBZ)
Dharmapuram,Kilinochchi,2026-09-26 12:52:23Z,20.0,8.0,1.2,light (20-30 dBZ)
Dharmapuram,Kilinochchi,2026-09-28 08:42:22Z,25.3,40.0,0.3,light (20-30 dBZ)
Dharmapuram,Kilinochchi,2026-09-28 08:52:23Z,41.3,56.0,0.7,heavy (40-50 dBZ)
Dharmapuram,Kilinochchi,2026-09-28 09:01:00Z,25.3,40.0,0.3,light (20-30 dBZ)
Dharmapuram,Kilinochchi,2026-09-28 09:02:22Z,36.0,68.0,0.3,moderate (30-40 dBZ)
Dharmapuram,Kilinochchi,2026-09-28 10:01:00Z,36.0,68.0,0.3,moderate (30-40 dBZ)
Dharmapuram,Kilinochchi,2026-09-29 10:22:23Z,30.7,28.0,1.0,moderate (30-40 dBZ)
Dharmapuram,Kilinochchi,2026-09-29 10:32:22Z,28.0,24.0,1.0,light (20-30 dBZ)
Dharmapuram,Kilinochchi,2026-09-29 10:42:23Z,22.7,12.0,1.0,light (20-30 dBZ)
Dharmapuram,Kilinochchi,2026-09-30 08:12:22Z,30.7,28.0,0.9,moderate (30-40 dBZ)
Dharmapuram,Kilinochchi,2026-09-30 08:32:23Z,20.0,8.0,2.3,light (20-30 dBZ)
Dharmapuram,Kilinochchi,2026-09-30 08:42:22Z,25.3,68.0,0.3,light (20-30 dBZ)
Dharmapuram,Kilinochchi,2026-09-30 08:52:22Z,33.3,84.0,0.3,moderate (30-40 dBZ)
Dharmapuram,Kilinochchi,2026-09-30 09:02:22Z,30.7,52.0,0.3,moderate (30-40 dBZ)
Elephant Pass,Kilinochchi,2026-09-15 23:55:12Z,20.0,4.0,2.3,light (20-30 dBZ)
Elephant Pass,Kilinochchi,2026-09-16 00:10:00Z,20.0,4.0,2.3,light (20-30 dBZ)
Elephant Pass,Kilinochchi,2026-09-16 12:13:42Z,20.0,12.0,0.4,light (20-30 dBZ)
Elephant Pass,Kilinochchi,2026-09-16 12:23:19Z,20.0,52.0,0.3,light (20-30 dBZ)
Elephant Pass,Kilinochchi,2026-09-16 12:32:27Z,20.0,8.0,1.5,light (20-30 dBZ)
Elephant Pass,Kilinochchi,2026-09-17 12:12:26Z,20.0,96.0,0.4,light (20-30 dBZ)
Elephant Pass,Kilinochchi,2026-09-17 13:00:00Z,20.0,96.0,0.4,light (20-30 dBZ)
Elephant Pass,Kilinochchi,2026-09-17 13:18:00Z,20.0,96.0,0.4,light (20-30 dBZ)
Elephant Pass,Kilinochchi,2026-09-17 14:01:00Z,20.0,96.0,0.4,light (20-30 dBZ)
Elephant Pass,Kilinochchi,2026-09-17 15:01:00Z,20.0,96.0,0.4,light (20-30 dBZ)
Elephant Pass,Kilinochchi,2026-09-17 16:01:00Z,20.0,96.0,0.4,light (20-30 dBZ)
Elephant Pass,Kilinochchi,2026-09-20 06:52:23Z,20.0,96.0,0.4,light (20-30 dBZ)
Elephant Pass,Kilinochchi,2026-09-21 12:52:22Z,20.0,100.0,0.4,light (20-30 dBZ)
Elephant Pass,Kilinochchi,2026-09-22 04:32:22Z,22.7,92.0,0.4,light (20-30 dBZ)
Elephant Pass,Kilinochchi,2026-09-22 13:01:00Z,22.7,92.0,0.4,light (20-30 dBZ)
Elephant Pass,Kilinochchi,2026-09-22 14:01:00Z,22.7,92.0,0.4,light (20-30 dBZ)
Elephant Pass,Kilinochchi,2026-09-22 14:37:00Z,22.7,92.0,0.4,light (20-30 dBZ)
Elephant Pass,Kilinochchi,2026-09-22 15:03:00Z,22.7,92.0,0.4,light (20-30 dBZ)
Elephant Pass,Kilinochchi,2026-09-22 15:46:05Z,20.0,16.0,1.4,light (20-30 dBZ)
Elephant Pass,Kilinochchi,2026-09-22 16:01:00Z,20.0,16.0,1.4,light (20-30 dBZ)
Elephant Pass,Kilinochchi,2026-09-23 14:36:09Z,20.0,96.0,0.4,light (20-30 dBZ)
Elephant Pass,Kilinochchi,2026-09-23 14:46:09Z,22.7,92.0,0.4,light (20-30 dBZ)
Elephant Pass,Kilinochchi,2026-09-23 15:01:00Z,22.7,92.0,0.4,light (20-30 dBZ)
Elephant Pass,Kilinochchi,2026-09-23 16:01:00Z,22.7,92.0,0.4,light (20-30 dBZ)
Elephant Pass,Kilinochchi,2026-09-23 16:40:00Z,22.7,92.0,0.4,light (20-30 dBZ)
Elephant Pass,Kilinochchi,2026-09-23 17:01:00Z,22.7,92.0,0.4,light (20-30 dBZ)
Elephant Pass,Kilinochchi,2026-09-23 18:36:42Z,20.0,16.0,1.4,light (20-30 dBZ)
Elephant Pass,Kilinochchi,2026-09-23 19:01:00Z,20.0,96.0,0.4,light (20-30 dBZ)
Elephant Pass,Kilinochchi,2026-09-23 20:00:00Z,20.0,96.0,0.4,light (20-30 dBZ)
Elephant Pass,Kilinochchi,2026-09-23 21:01:00Z,20.0,96.0,0.4,light (20-30 dBZ)
Elephant Pass,Kilinochchi,2026-09-23 22:01:00Z,20.0,96.0,0.4,light (20-30 dBZ)
Elephant Pass,Kilinochchi,2026-09-24 07:01:00Z,22.7,92.0,0.4,light (20-30 dBZ)
Elephant Pass,Kilinochchi,2026-09-24 08:01:00Z,22.7,92.0,0.4,light (20-30 dBZ)
Elephant Pass,Kilinochchi,2026-09-24 09:01:00Z,22.7,92.0,0.4,light (20-30 dBZ)
Elephant Pass,Kilinochchi,2026-09-24 09:51:00Z,22.7,92.0,0.4,light (20-30 dBZ)
Elephant Pass,Kilinochchi,2026-09-24 11:01:00Z,22.7,92.0,0.4,light (20-30 dBZ)
Elephant Pass,Kilinochchi,2026-09-24 12:01:00Z,22.7,92.0,0.4,light (20-30 dBZ)
Elephant Pass,Kilinochchi,2026-09-24 13:01:00Z,20.0,16.0,1.4,light (20-30 dBZ)
Elephant Pass,Kilinochchi,2026-09-24 18:59:00Z,20.0,16.0,1.4,light (20-30 dBZ)
Elephant Pass,Kilinochchi,2026-09-24 19:01:00Z,20.0,16.0,1.4,light (20-30 dBZ)
Elephant Pass,Kilinochchi,2026-09-26 02:42:22Z,20.0,16.0,1.4,light (20-30 dBZ)
Elephant Pass,Kilinochchi,2026-09-26 14:42:23Z,41.3,12.0,1.0,heavy (40-50 dBZ)
Elephant Pass,Kilinochchi,2026-09-26 15:01:00Z,41.3,12.0,1.0,heavy (40-50 dBZ)
Elephant Pass,Kilinochchi,2026-09-26 15:32:22Z,22.7,12.0,1.5,light (20-30 dBZ)
Elephant Pass,Kilinochchi,2026-10-04 08:22:27Z,25.3,12.0,1.5,light (20-30 dBZ)
Ilavalai,Jaffna,2026-09-15 12:42:27Z,20.0,28.0,0.9,light (20-30 dBZ)
Ilavalai,Jaffna,2026-09-15 12:53:40Z,20.0,24.0,0.5,light (20-30 dBZ)
Ilavalai,Jaffna,2026-09-15 13:00:00Z,20.0,28.0,0.9,light (20-30 dBZ)
Ilavalai,Jaffna,2026-09-15 13:02:30Z,22.7,16.0,0.5,light (20-30 dBZ)
Ilavalai,Jaffna,2026-09-15 13:24:00Z,22.7,16.0,0.5,light (20-30 dBZ)
Ilavalai,Jaffna,2026-09-17 12:12:26Z,25.3,92.0,0.5,light (20-30 dBZ)
Ilavalai,Jaffna,2026-09-17 13:00:00Z,25.3,92.0,0.5,light (20-30 dBZ)
Ilavalai,Jaffna,2026-09-17 13:18:00Z,25.3,92.0,0.5,light (20-30 dBZ)
Ilavalai,Jaffna,2026-09-17 14:01:00Z,25.3,92.0,0.5,light (20-30 dBZ)
Ilavalai,Jaffna,2026-09-17 15:01:00Z,25.3,92.0,0.5,light (20-30 dBZ)
Ilavalai,Jaffna,2026-09-17 16:01:00Z,25.3,92.0,0.5,light (20-30 dBZ)
Ilavalai,Jaffna,2026-09-20 06:52:23Z,25.3,92.0,0.5,light (20-30 dBZ)
Ilavalai,Jaffna,2026-09-21 12:52:22Z,25.3,96.0,0.5,light (20-30 dBZ)
Ilavalai,Jaffna,2026-09-22 04:32:22Z,25.3,96.0,0.5,light (20-30 dBZ)
Ilavalai,Jaffna,2026-09-22 13:01:00Z,25.3,96.0,0.5,light (20-30 dBZ)
Ilavalai,Jaffna,2026-09-22 14:01:00Z,25.3,96.0,0.5,light (20-30 dBZ)
Ilavalai,Jaffna,2026-09-22 14:37:00Z,25.3,96.0,0.5,light (20-30 dBZ)
Ilavalai,Jaffna,2026-09-22 15:03:00Z,25.3,96.0,0.5,light (20-30 dBZ)
Ilavalai,Jaffna,2026-09-22 15:46:05Z,28.0,32.0,0.6,light (20-30 dBZ)
Ilavalai,Jaffna,2026-09-22 16:01:00Z,28.0,32.0,0.6,light (20-30 dBZ)
Ilavalai,Jaffna,2026-09-23 14:36:09Z,25.3,92.0,0.5,light (20-30 dBZ)
Ilavalai,Jaffna,2026-09-23 14:46:09Z,25.3,96.0,0.5,light (20-30 dBZ)
Ilavalai,Jaffna,2026-09-23 15:01:00Z,25.3,96.0,0.5,light (20-30 dBZ)
Ilavalai,Jaffna,2026-09-23 16:01:00Z,25.3,96.0,0.5,light (20-30 dBZ)
Ilavalai,Jaffna,2026-09-23 16:40:00Z,25.3,96.0,0.5,light (20-30 dBZ)
Ilavalai,Jaffna,2026-09-23 17:01:00Z,25.3,96.0,0.5,light (20-30 dBZ)
Ilavalai,Jaffna,2026-09-23 18:36:42Z,28.0,32.0,0.6,light (20-30 dBZ)
Ilavalai,Jaffna,2026-09-23 19:01:00Z,25.3,92.0,0.5,light (20-30 dBZ)
Ilavalai,Jaffna,2026-09-23 20:00:00Z,25.3,92.0,0.5,light (20-30 dBZ)
Ilavalai,Jaffna,2026-09-23 21:01:00Z,25.3,92.0,0.5,light (20-30 dBZ)
Ilavalai,Jaffna,2026-09-23 22:01:00Z,25.3,92.0,0.5,light (20-30 dBZ)
Ilavalai,Jaffna,2026-09-24 07:01:00Z,25.3,96.0,0.5,light (20-30 dBZ)
Ilavalai,Jaffna,2026-09-24 08:01:00Z,25.3,96.0,0.5,light (20-30 dBZ)
Ilavalai,Jaffna,2026-09-24 09:01:00Z,25.3,96.0,0.5,light (20-30 dBZ)
Ilavalai,Jaffna,2026-09-24 09:51:00Z,25.3,96.0,0.5,light (20-30 dBZ)
Ilavalai,Jaffna,2026-09-24 11:01:00Z,25.3,96.0,0.5,light (20-30 dBZ)
Ilavalai,Jaffna,2026-09-24 12:01:00Z,25.3,96.0,0.5,light (20-30 dBZ)
Ilavalai,Jaffna,2026-09-24 13:01:00Z,28.0,32.0,0.6,light (20-30 dBZ)
Ilavalai,Jaffna,2026-09-24 18:59:00Z,28.0,32.0,0.6,light (20-30 dBZ)
Ilavalai,Jaffna,2026-09-24 19:01:00Z,28.0,32.0,0.6,light (20-30 dBZ)
Ilavalai,Jaffna,2026-09-26 02:42:22Z,28.0,32.0,0.6,light (20-30 dBZ)
Ilavalai,Jaffna,2026-10-04 08:02:26Z,28.0,20.0,1.8,light (20-30 dBZ)
Ilavalai,Jaffna,2026-10-04 08:22:27Z,25.3,20.0,1.8,light (20-30 dBZ)
Ilavalai,Jaffna,2026-10-04 08:32:27Z,28.0,20.0,1.0,light (20-30 dBZ)
Jaffna,Jaffna,2026-09-17 12:12:26Z,25.3,88.0,0.7,light (20-30 dBZ)
Jaffna,Jaffna,2026-09-17 13:00:00Z,25.3,88.0,0.7,light (20-30 dBZ)
Jaffna,Jaffna,2026-09-17 13:18:00Z,25.3,88.0,0.7,light (20-30 dBZ)
Jaffna,Jaffna,2026-09-17 14:01:00Z,25.3,88.0,0.7,light (20-30 dBZ)
Jaffna,Jaffna,2026-09-17 15:01:00Z,25.3,88.0,0.7,light (20-30 dBZ)
Jaffna,Jaffna,2026-09-17 16:01:00Z,25.3,88.0,0.7,light (20-30 dBZ)
Jaffna,Jaffna,2026-09-20 06:52:23Z,25.3,88.0,0.7,light (20-30 dBZ)
Jaffna,Jaffna,2026-09-21 12:52:22Z,25.3,88.0,0.7,light (20-30 dBZ)
Jaffna,Jaffna,2026-09-22 04:32:22Z,25.3,80.0,0.5,light (20-30 dBZ)
Jaffna,Jaffna,2026-09-22 13:01:00Z,25.3,80.0,0.5,light (20-30 dBZ)
Jaffna,Jaffna,2026-09-22 14:01:00Z,25.3,80.0,0.5,light (20-30 dBZ)
Jaffna,Jaffna,2026-09-22 14:37:00Z,25.3,80.0,0.5,light (20-30 dBZ)
Jaffna,Jaffna,2026-09-22 15:03:00Z,25.3,80.0,0.5,light (20-30 dBZ)
Jaffna,Jaffna,2026-09-23 14:36:09Z,25.3,88.0,0.7,light (20-30 dBZ)
Jaffna,Jaffna,2026-09-23 14:46:09Z,25.3,80.0,0.5,light (20-30 dBZ)
Jaffna,Jaffna,2026-09-23 15:01:00Z,25.3,80.0,0.5,light (20-30 dBZ)
Jaffna,Jaffna,2026-09-23 16:01:00Z,25.3,80.0,0.5,light (20-30 dBZ)
Jaffna,Jaffna,2026-09-23 16:40:00Z,25.3,80.0,0.5,light (20-30 dBZ)
Jaffna,Jaffna,2026-09-23 17:01:00Z,25.3,80.0,0.5,light (20-30 dBZ)
Jaffna,Jaffna,2026-09-23 19:01:00Z,25.3,88.0,0.7,light (20-30 dBZ)
Jaffna,Jaffna,2026-09-23 20:00:00Z,25.3,88.0,0.7,light (20-30 dBZ)
Jaffna,Jaffna,2026-09-23 21:01:00Z,25.3,88.0,0.7,light (20-30 dBZ)
Jaffna,Jaffna,2026-09-23 22:01:00Z,25.3,88.0,0.7,light (20-30 dBZ)
Jaffna,Jaffna,2026-09-24 07:01:00Z,25.3,80.0,0.5,light (20-30 dBZ)
Jaffna,Jaffna,2026-09-24 08:01:00Z,25.3,80.0,0.5,light (20-30 dBZ)
Jaffna,Jaffna,2026-09-24 09:01:00Z,25.3,80.0,0.5,light (20-30 dBZ)
Jaffna,Jaffna,2026-09-24 09:51:00Z,25.3,80.0,0.5,light (20-30 dBZ)
Jaffna,Jaffna,2026-09-24 11:01:00Z,25.3,80.0,0.5,light (20-30 dBZ)
Jaffna,Jaffna,2026-09-24 12:01:00Z,25.3,80.0,0.5,light (20-30 dBZ)
Jaffna,Jaffna,2026-09-29 16:12:23Z,20.0,8.0,1.4,light (20-30 dBZ)
Jaffna,Jaffna,2026-10-03 17:42:22Z,20.0,40.0,0.5,light (20-30 dBZ)
Jaffna,Jaffna,2026-10-03 17:52:22Z,30.7,44.0,1.4,moderate (30-40 dBZ)
Jaffna,Jaffna,2026-10-03 18:02:23Z,20.0,12.0,1.6,light (20-30 dBZ)
Jeyapuram,Kilinochchi,2026-09-17 12:12:26Z,20.0,68.0,0.3,light (20-30 dBZ)
Jeyapuram,Kilinochchi,2026-09-17 13:00:00Z,20.0,68.0,0.3,light (20-30 dBZ)
Jeyapuram,Kilinochchi,2026-09-17 13:18:00Z,20.0,68.0,0.3,light (20-30 dBZ)
Jeyapuram,Kilinochchi,2026-09-17 14:01:00Z,20.0,68.0,0.3,light (20-30 dBZ)
Jeyapuram,Kilinochchi,2026-09-17 15:01:00Z,20.0,68.0,0.3,light (20-30 dBZ)
Jeyapuram,Kilinochchi,2026-09-17 16:01:00Z,20.0,68.0,0.3,light (20-30 dBZ)
Jeyapuram,Kilinochchi,2026-09-20 06:52:23Z,20.0,68.0,0.3,light (20-30 dBZ)
Jeyapuram,Kilinochchi,2026-09-21 12:52:22Z,20.0,68.0,0.3,light (20-30 dBZ)
Jeyapuram,Kilinochchi,2026-09-22 04:32:22Z,22.7,80.0,0.3,light (20-30 dBZ)
Jeyapuram,Kilinochchi,2026-09-22 13:01:00Z,22.7,80.0,0.3,light (20-30 dBZ)
Jeyapuram,Kilinochchi,2026-09-22 14:01:00Z,22.7,80.0,0.3,light (20-30 dBZ)
Jeyapuram,Kilinochchi,2026-09-22 14:37:00Z,22.7,80.0,0.3,light (20-30 dBZ)
Jeyapuram,Kilinochchi,2026-09-22 15:03:00Z,22.7,80.0,0.3,light (20-30 dBZ)
Jeyapuram,Kilinochchi,2026-09-23 14:36:09Z,20.0,68.0,0.3,light (20-30 dBZ)
Jeyapuram,Kilinochchi,2026-09-23 14:46:09Z,22.7,80.0,0.3,light (20-30 dBZ)
Jeyapuram,Kilinochchi,2026-09-23 15:01:00Z,22.7,80.0,0.3,light (20-30 dBZ)
Jeyapuram,Kilinochchi,2026-09-23 16:01:00Z,22.7,80.0,0.3,light (20-30 dBZ)
Jeyapuram,Kilinochchi,2026-09-23 16:40:00Z,22.7,80.0,0.3,light (20-30 dBZ)
Jeyapuram,Kilinochchi,2026-09-23 17:01:00Z,22.7,80.0,0.3,light (20-30 dBZ)
Jeyapuram,Kilinochchi,2026-09-23 19:01:00Z,20.0,68.0,0.3,light (20-30 dBZ)
Jeyapuram,Kilinochchi,2026-09-23 20:00:00Z,20.0,68.0,0.3,light (20-30 dBZ)
Jeyapuram,Kilinochchi,2026-09-23 21:01:00Z,20.0,68.0,0.3,light (20-30 dBZ)
Jeyapuram,Kilinochchi,2026-09-23 22:01:00Z,20.0,68.0,0.3,light (20-30 dBZ)
Jeyapuram,Kilinochchi,2026-09-24 07:01:00Z,22.7,80.0,0.3,light (20-30 dBZ)
Jeyapuram,Kilinochchi,2026-09-24 08:01:00Z,22.7,80.0,0.3,light (20-30 dBZ)
Jeyapuram,Kilinochchi,2026-09-24 09:01:00Z,22.7,80.0,0.3,light (20-30 dBZ)
Jeyapuram,Kilinochchi,2026-09-24 09:51:00Z,22.7,80.0,0.3,light (20-30 dBZ)
Jeyapuram,Kilinochchi,2026-09-24 11:01:00Z,22.7,80.0,0.3,light (20-30 dBZ)
Jeyapuram,Kilinochchi,2026-09-24 12:01:00Z,22.7,80.0,0.3,light (20-30 dBZ)
Jeyapuram,Kilinochchi,2026-09-26 15:02:22Z,25.3,8.0,1.6,light (20-30 dBZ)
Jeyapuram,Kilinochchi,2026-09-26 16:02:22Z,22.7,8.0,2.0,light (20-30 dBZ)
Jeyapuram,Kilinochchi,2026-09-29 16:52:23Z,20.0,12.0,2.2,light (20-30 dBZ)
Jeyapuram,Kilinochchi,2026-10-01 08:32:23Z,20.0,12.0,1.5,light (20-30 dBZ)
Jeyapuram,Kilinochchi,2026-10-01 08:42:22Z,20.0,12.0,2.2,light (20-30 dBZ)
Jeyapuram,Kilinochchi,2026-10-01 08:52:23Z,30.7,16.0,1.5,moderate (30-40 dBZ)
Jeyapuram,Kilinochchi,2026-10-01 12:02:23Z,41.3,68.0,0.4,heavy (40-50 dBZ)
Jeyapuram,Kilinochchi,2026-10-03 08:12:23Z,33.3,44.0,0.7,moderate (30-40 dBZ)
Jeyapuram,Kilinochchi,2026-10-03 08:22:23Z,25.3,28.0,0.7,light (20-30 dBZ)
Jeyapuram,Kilinochchi,2026-10-03 08:32:22Z,28.0,56.0,0.3,light (20-30 dBZ)
Jeyapuram,Kilinochchi,2026-10-03 08:42:23Z,25.3,48.0,0.3,light (20-30 dBZ)
Jeyapuram,Kilinochchi,2026-10-03 08:52:22Z,30.7,24.0,0.7,moderate (30-40 dBZ)
Jeyapuram,Kilinochchi,2026-10-03 16:52:22Z,20.0,8.0,1.4,light (20-30 dBZ)
Kaithady,Jaffna,2026-09-15 13:02:30Z,20.0,4.0,2.9,light (20-30 dBZ)
Kaithady,Jaffna,2026-09-15 13:24:00Z,20.0,4.0,2.9,light (20-30 dBZ)
Kaithady,Jaffna,2026-09-17 12:12:26Z,25.3,84.0,0.4,light (20-30 dBZ)
Kaithady,Jaffna,2026-09-17 13:00:00Z,25.3,84.0,0.4,light (20-30 dBZ)
Kaithady,Jaffna,2026-09-17 13:18:00Z,25.3,84.0,0.4,light (20-30 dBZ)
Kaithady,Jaffna,2026-09-17 14:01:00Z,25.3,84.0,0.4,light (20-30 dBZ)
Kaithady,Jaffna,2026-09-17 15:01:00Z,25.3,84.0,0.4,light (20-30 dBZ)
Kaithady,Jaffna,2026-09-17 16:01:00Z,25.3,84.0,0.4,light (20-30 dBZ)
Kaithady,Jaffna,2026-09-20 06:52:23Z,25.3,84.0,0.4,light (20-30 dBZ)
Kaithady,Jaffna,2026-09-21 12:52:22Z,25.3,84.0,0.4,light (20-30 dBZ)
Kaithady,Jaffna,2026-09-22 04:32:22Z,25.3,88.0,0.4,light (20-30 dBZ)
Kaithady,Jaffna,2026-09-22 13:01:00Z,25.3,88.0,0.4,light (20-30 dBZ)
Kaithady,Jaffna,2026-09-22 14:01:00Z,25.3,88.0,0.4,light (20-30 dBZ)
Kaithady,Jaffna,2026-09-22 14:37:00Z,25.3,88.0,0.4,light (20-30 dBZ)
Kaithady,Jaffna,2026-09-22 15:03:00Z,25.3,88.0,0.4,light (20-30 dBZ)
Kaithady,Jaffna,2026-09-22 15:46:05Z,20.0,4.0,1.7,light (20-30 dBZ)
Kaithady,Jaffna,2026-09-22 16:01:00Z,20.0,4.0,1.7,light (20-30 dBZ)
Kaithady,Jaffna,2026-09-23 14:36:09Z,25.3,84.0,0.4,light (20-30 dBZ)
Kaithady,Jaffna,2026-09-23 14:46:09Z,25.3,88.0,0.4,light (20-30 dBZ)
Kaithady,Jaffna,2026-09-23 15:01:00Z,25.3,88.0,0.4,light (20-30 dBZ)
Kaithady,Jaffna,2026-09-23 16:01:00Z,25.3,88.0,0.4,light (20-30 dBZ)
Kaithady,Jaffna,2026-09-23 16:40:00Z,25.3,88.0,0.4,light (20-30 dBZ)
Kaithady,Jaffna,2026-09-23 17:01:00Z,25.3,88.0,0.4,light (20-30 dBZ)
Kaithady,Jaffna,2026-09-23 18:36:42Z,20.0,4.0,1.7,light (20-30 dBZ)
Kaithady,Jaffna,2026-09-23 19:01:00Z,25.3,84.0,0.4,light (20-30 dBZ)
Kaithady,Jaffna,2026-09-23 20:00:00Z,25.3,84.0,0.4,light (20-30 dBZ)
Kaithady,Jaffna,2026-09-23 21:01:00Z,25.3,84.0,0.4,light (20-30 dBZ)
Kaithady,Jaffna,2026-09-23 22:01:00Z,25.3,84.0,0.4,light (20-30 dBZ)
Kaithady,Jaffna,2026-09-24 07:01:00Z,25.3,88.0,0.4,light (20-30 dBZ)
Kaithady,Jaffna,2026-09-24 08:01:00Z,25.3,88.0,0.4,light (20-30 dBZ)
Kaithady,Jaffna,2026-09-24 09:01:00Z,25.3,88.0,0.4,light (20-30 dBZ)
Kaithady,Jaffna,2026-09-24 09:51:00Z,25.3,88.0,0.4,light (20-30 dBZ)
Kaithady,Jaffna,2026-09-24 11:01:00Z,25.3,88.0,0.4,light (20-30 dBZ)
Kaithady,Jaffna,2026-09-24 12:01:00Z,25.3,88.0,0.4,light (20-30 dBZ)
Kaithady,Jaffna,2026-09-24 13:01:00Z,20.0,4.0,1.7,light (20-30 dBZ)
Kaithady,Jaffna,2026-09-24 18:59:00Z,20.0,4.0,1.7,light (20-30 dBZ)
Kaithady,Jaffna,2026-09-24 19:01:00Z,20.0,4.0,1.7,light (20-30 dBZ)
Kaithady,Jaffna,2026-09-26 02:42:22Z,20.0,4.0,1.7,light (20-30 dBZ)
Kaithady,Jaffna,2026-09-26 13:12:22Z,20.0,4.0,3.1,light (20-30 dBZ)
Kaithady,Jaffna,2026-09-26 15:22:23Z,30.7,12.0,1.8,moderate (30-40 dBZ)
Kaithady,Jaffna,2026-09-28 12:52:22Z,20.0,4.0,3.1,light (20-30 dBZ)
Kaithady,Jaffna,2026-09-28 16:42:22Z,20.0,4.0,3.1,light (20-30 dBZ)
Kaithady,Jaffna,2026-09-28 17:01:00Z,20.0,4.0,3.1,light (20-30 dBZ)
Kaithady,Jaffna,2026-10-01 08:12:24Z,22.7,28.0,1.2,light (20-30 dBZ)
Kaithady,Jaffna,2026-10-01 10:52:22Z,25.3,24.0,0.8,light (20-30 dBZ)
Kaithady,Jaffna,2026-10-01 15:42:23Z,20.0,4.0,3.1,light (20-30 dBZ)
Kaithady,Jaffna,2026-10-03 17:12:22Z,25.3,16.0,1.6,light (20-30 dBZ)
Kaithady,Jaffna,2026-10-03 17:22:22Z,22.7,28.0,0.5,light (20-30 dBZ)
Kaithady,Jaffna,2026-10-03 17:42:22Z,20.0,8.0,2.0,light (20-30 dBZ)
Kaithady,Jaffna,2026-10-04 08:32:27Z,30.7,16.0,1.5,moderate (30-40 dBZ)
Kandawalai,Kilinochchi,2026-09-15 23:32:38Z,20.0,24.0,0.7,light (20-30 dBZ)
Kandawalai,Kilinochchi,2026-09-16 00:00:00Z,20.0,24.0,0.7,light (20-30 dBZ)
Kandawalai,Kilinochchi,2026-09-16 10:02:27Z,20.0,8.0,2.0,light (20-30 dBZ)
Kandawalai,Kilinochchi,2026-09-16 11:02:33Z,22.7,52.0,0.3,light (20-30 dBZ)
Kandawalai,Kilinochchi,2026-09-16 11:19:00Z,22.7,52.0,0.3,light (20-30 dBZ)
Kandawalai,Kilinochchi,2026-09-16 12:01:00Z,22.7,52.0,0.3,light (20-30 dBZ)
Kandawalai,Kilinochchi,2026-09-16 12:52:26Z,20.0,4.0,2.5,light (20-30 dBZ)
Kandawalai,Kilinochchi,2026-09-17 12:12:26Z,20.0,52.0,0.3,light (20-30 dBZ)
Kandawalai,Kilinochchi,2026-09-17 13:00:00Z,20.0,52.0,0.3,light (20-30 dBZ)
Kandawalai,Kilinochchi,2026-09-17 13:18:00Z,20.0,52.0,0.3,light (20-30 dBZ)
Kandawalai,Kilinochchi,2026-09-17 14:01:00Z,20.0,52.0,0.3,light (20-30 dBZ)
Kandawalai,Kilinochchi,2026-09-17 15:01:00Z,20.0,52.0,0.3,light (20-30 dBZ)
Kandawalai,Kilinochchi,2026-09-17 16:01:00Z,20.0,52.0,0.3,light (20-30 dBZ)
Kandawalai,Kilinochchi,2026-09-20 06:52:23Z,20.0,52.0,0.3,light (20-30 dBZ)
Kandawalai,Kilinochchi,2026-09-21 12:52:22Z,20.0,52.0,0.3,light (20-30 dBZ)
Kandawalai,Kilinochchi,2026-09-22 04:32:22Z,22.7,68.0,0.3,light (20-30 dBZ)
Kandawalai,Kilinochchi,2026-09-22 13:01:00Z,22.7,68.0,0.3,light (20-30 dBZ)
Kandawalai,Kilinochchi,2026-09-22 14:01:00Z,22.7,68.0,0.3,light (20-30 dBZ)
Kandawalai,Kilinochchi,2026-09-22 14:37:00Z,22.7,68.0,0.3,light (20-30 dBZ)
Kandawalai,Kilinochchi,2026-09-22 15:03:00Z,22.7,68.0,0.3,light (20-30 dBZ)
Kandawalai,Kilinochchi,2026-09-23 14:36:09Z,20.0,52.0,0.3,light (20-30 dBZ)
Kandawalai,Kilinochchi,2026-09-23 14:46:09Z,22.7,68.0,0.3,light (20-30 dBZ)
Kandawalai,Kilinochchi,2026-09-23 15:01:00Z,22.7,68.0,0.3,light (20-30 dBZ)
Kandawalai,Kilinochchi,2026-09-23 16:01:00Z,22.7,68.0,0.3,light (20-30 dBZ)
Kandawalai,Kilinochchi,2026-09-23 16:40:00Z,22.7,68.0,0.3,light (20-30 dBZ)
Kandawalai,Kilinochchi,2026-09-23 17:01:00Z,22.7,68.0,0.3,light (20-30 dBZ)
Kandawalai,Kilinochchi,2026-09-23 19:01:00Z,20.0,52.0,0.3,light (20-30 dBZ)
Kandawalai,Kilinochchi,2026-09-23 20:00:00Z,20.0,52.0,0.3,light (20-30 dBZ)
Kandawalai,Kilinochchi,2026-09-23 21:01:00Z,20.0,52.0,0.3,light (20-30 dBZ)
Kandawalai,Kilinochchi,2026-09-23 22:01:00Z,20.0,52.0,0.3,light (20-30 dBZ)
Kandawalai,Kilinochchi,2026-09-24 07:01:00Z,22.7,68.0,0.3,light (20-30 dBZ)
Kandawalai,Kilinochchi,2026-09-24 08:01:00Z,22.7,68.0,0.3,light (20-30 dBZ)
Kandawalai,Kilinochchi,2026-09-24 09:01:00Z,22.7,68.0,0.3,light (20-30 dBZ)
Kandawalai,Kilinochchi,2026-09-24 09:51:00Z,22.7,68.0,0.3,light (20-30 dBZ)
Kandawalai,Kilinochchi,2026-09-24 11:01:00Z,22.7,68.0,0.3,light (20-30 dBZ)
Kandawalai,Kilinochchi,2026-09-24 12:01:00Z,22.7,68.0,0.3,light (20-30 dBZ)
Kandawalai,Kilinochchi,2026-09-26 12:52:23Z,28.0,36.0,0.7,light (20-30 dBZ)
Kandawalai,Kilinochchi,2026-09-28 08:52:23Z,28.0,16.0,1.9,light (20-30 dBZ)
Kandawalai,Kilinochchi,2026-09-28 09:02:22Z,30.7,24.0,1.9,moderate (30-40 dBZ)
Kandawalai,Kilinochchi,2026-09-28 10:01:00Z,30.7,24.0,1.9,moderate (30-40 dBZ)
Kandawalai,Kilinochchi,2026-09-28 10:42:23Z,22.7,8.0,2.0,light (20-30 dBZ)
Kandawalai,Kilinochchi,2026-09-28 11:01:00Z,22.7,8.0,2.0,light (20-30 dBZ)
Kandawalai,Kilinochchi,2026-09-30 08:12:22Z,28.0,36.0,0.4,light (20-30 dBZ)
Kandawalai,Kilinochchi,2026-09-30 08:42:22Z,20.0,28.0,0.7,light (20-30 dBZ)
Kandawalai,Kilinochchi,2026-09-30 08:52:22Z,22.7,12.0,1.9,light (20-30 dBZ)
Kandawalai,Kilinochchi,2026-09-30 10:52:23Z,22.7,16.0,0.9,light (20-30 dBZ)
Kandawalai,Kilinochchi,2026-10-04 08:22:27Z,36.0,52.0,0.3,moderate (30-40 dBZ)
Kandawalai,Kilinochchi,2026-10-04 08:32:27Z,46.7,48.0,0.3,heavy (40-50 dBZ)
Kankesanthurai,Jaffna,2026-09-15 12:42:27Z,30.7,56.0,0.3,moderate (30-40 dBZ)
Kankesanthurai,Jaffna,2026-09-15 12:53:40Z,28.0,44.0,0.9,light (20-30 dBZ)
Kankesanthurai,Jaffna,2026-09-15 13:00:00Z,30.7,56.0,0.3,moderate (30-40 dBZ)
Kankesanthurai,Jaffna,2026-09-15 13:02:30Z,22.7,36.0,1.1,light (20-30 dBZ)
Kankesanthurai,Jaffna,2026-09-15 13:12:56Z,20.0,8.0,0.2,light (20-30 dBZ)
Kankesanthurai,Jaffna,2026-09-15 13:24:00Z,22.7,36.0,1.1,light (20-30 dBZ)
Kankesanthurai,Jaffna,2026-09-17 12:12:26Z,25.3,100.0,0.3,light (20-30 dBZ)
Kankesanthurai,Jaffna,2026-09-17 13:00:00Z,25.3,100.0,0.3,light (20-30 dBZ)
Kankesanthurai,Jaffna,2026-09-17 13:18:00Z,25.3,100.0,0.3,light (20-30 dBZ)
Kankesanthurai,Jaffna,2026-09-17 14:01:00Z,25.3,100.0,0.3,light (20-30 dBZ)
Kankesanthurai,Jaffna,2026-09-17 15:01:00Z,25.3,100.0,0.3,light (20-30 dBZ)
Kankesanthurai,Jaffna,2026-09-17 16:01:00Z,25.3,100.0,0.3,light (20-30 dBZ)
Kankesanthurai,Jaffna,2026-09-20 06:52:23Z,25.3,100.0,0.3,light (20-30 dBZ)
Kankesanthurai,Jaffna,2026-09-21 12:52:22Z,25.3,100.0,0.3,light (20-30 dBZ)
Kankesanthurai,Jaffna,2026-09-22 04:32:22Z,25.3,88.0,0.3,light (20-30 dBZ)
Kankesanthurai,Jaffna,2026-09-22 13:01:00Z,25.3,88.0,0.3,light (20-30 dBZ)
Kankesanthurai,Jaffna,2026-09-22 14:01:00Z,25.3,88.0,0.3,light (20-30 dBZ)
Kankesanthurai,Jaffna,2026-09-22 14:37:00Z,25.3,88.0,0.3,light (20-30 dBZ)
Kankesanthurai,Jaffna,2026-09-22 15:03:00Z,25.3,88.0,0.3,light (20-30 dBZ)
Kankesanthurai,Jaffna,2026-09-22 15:46:05Z,28.0,100.0,0.3,light (20-30 dBZ)
Kankesanthurai,Jaffna,2026-09-22 16:01:00Z,28.0,100.0,0.3,light (20-30 dBZ)
Kankesanthurai,Jaffna,2026-09-23 14:36:09Z,25.3,100.0,0.3,light (20-30 dBZ)
Kankesanthurai,Jaffna,2026-09-23 14:46:09Z,25.3,88.0,0.3,light (20-30 dBZ)
Kankesanthurai,Jaffna,2026-09-23 15:01:00Z,25.3,88.0,0.3,light (20-30 dBZ)
Kankesanthurai,Jaffna,2026-09-23 16:01:00Z,25.3,88.0,0.3,light (20-30 dBZ)
Kankesanthurai,Jaffna,2026-09-23 16:40:00Z,25.3,88.0,0.3,light (20-30 dBZ)
Kankesanthurai,Jaffna,2026-09-23 17:01:00Z,25.3,88.0,0.3,light (20-30 dBZ)
Kankesanthurai,Jaffna,2026-09-23 18:36:42Z,28.0,100.0,0.3,light (20-30 dBZ)
Kankesanthurai,Jaffna,2026-09-23 19:01:00Z,25.3,100.0,0.3,light (20-30 dBZ)
Kankesanthurai,Jaffna,2026-09-23 20:00:00Z,25.3,100.0,0.3,light (20-30 dBZ)
Kankesanthurai,Jaffna,2026-09-23 21:01:00Z,25.3,100.0,0.3,light (20-30 dBZ)
Kankesanthurai,Jaffna,2026-09-23 22:01:00Z,25.3,100.0,0.3,light (20-30 dBZ)
Kankesanthurai,Jaffna,2026-09-24 07:01:00Z,25.3,88.0,0.3,light (20-30 dBZ)
Kankesanthurai,Jaffna,2026-09-24 08:01:00Z,25.3,88.0,0.3,light (20-30 dBZ)
Kankesanthurai,Jaffna,2026-09-24 09:01:00Z,25.3,88.0,0.3,light (20-30 dBZ)
Kankesanthurai,Jaffna,2026-09-24 09:51:00Z,25.3,88.0,0.3,light (20-30 dBZ)
Kankesanthurai,Jaffna,2026-09-24 11:01:00Z,25.3,88.0,0.3,light (20-30 dBZ)
Kankesanthurai,Jaffna,2026-09-24 12:01:00Z,25.3,88.0,0.3,light (20-30 dBZ)
Kankesanthurai,Jaffna,2026-09-24 13:01:00Z,28.0,100.0,0.3,light (20-30 dBZ)
Kankesanthurai,Jaffna,2026-09-24 18:59:00Z,28.0,100.0,0.3,light (20-30 dBZ)
Kankesanthurai,Jaffna,2026-09-24 19:01:00Z,28.0,100.0,0.3,light (20-30 dBZ)
Kankesanthurai,Jaffna,2026-09-26 02:42:22Z,28.0,100.0,0.3,light (20-30 dBZ)
Kankesanthurai,Jaffna,2026-09-26 14:52:23Z,22.7,20.0,1.0,light (20-30 dBZ)
Kankesanthurai,Jaffna,2026-09-26 15:02:22Z,20.0,12.0,1.9,light (20-30 dBZ)
Kankesanthurai,Jaffna,2026-09-26 17:22:22Z,20.0,16.0,1.9,light (20-30 dBZ)
Kankesanthurai,Jaffna,2026-10-01 10:52:22Z,20.0,4.0,3.0,light (20-30 dBZ)
Kankesanthurai,Jaffna,2026-10-04 08:32:27Z,22.7,4.0,2.0,light (20-30 dBZ)
Karainagar,Jaffna,2026-09-14 16:22:28Z,25.3,8.0,1.6,light (20-30 dBZ)
Karainagar,Jaffna,2026-09-17 12:12:26Z,25.3,84.0,0.6,light (20-30 dBZ)
Karainagar,Jaffna,2026-09-17 13:00:00Z,25.3,84.0,0.6,light (20-30 dBZ)
Karainagar,Jaffna,2026-09-17 13:18:00Z,25.3,84.0,0.6,light (20-30 dBZ)
Karainagar,Jaffna,2026-09-17 14:01:00Z,25.3,84.0,0.6,light (20-30 dBZ)
Karainagar,Jaffna,2026-09-17 15:01:00Z,25.3,84.0,0.6,light (20-30 dBZ)
Karainagar,Jaffna,2026-09-17 16:01:00Z,25.3,84.0,0.6,light (20-30 dBZ)
Karainagar,Jaffna,2026-09-20 06:52:23Z,25.3,84.0,0.6,light (20-30 dBZ)
Karainagar,Jaffna,2026-09-21 12:52:22Z,25.3,100.0,0.6,light (20-30 dBZ)
Karainagar,Jaffna,2026-09-22 04:32:22Z,25.3,96.0,0.6,light (20-30 dBZ)
Karainagar,Jaffna,2026-09-22 13:01:00Z,25.3,96.0,0.6,light (20-30 dBZ)
Karainagar,Jaffna,2026-09-22 14:01:00Z,25.3,96.0,0.6,light (20-30 dBZ)
Karainagar,Jaffna,2026-09-22 14:37:00Z,25.3,96.0,0.6,light (20-30 dBZ)
Karainagar,Jaffna,2026-09-22 15:03:00Z,25.3,96.0,0.6,light (20-30 dBZ)
Karainagar,Jaffna,2026-09-22 15:46:05Z,28.0,40.0,0.7,light (20-30 dBZ)
Karainagar,Jaffna,2026-09-22 16:01:00Z,28.0,40.0,0.7,light (20-30 dBZ)
Karainagar,Jaffna,2026-09-23 14:36:09Z,25.3,84.0,0.6,light (20-30 dBZ)
Karainagar,Jaffna,2026-09-23 14:46:09Z,25.3,96.0,0.6,light (20-30 dBZ)
Karainagar,Jaffna,2026-09-23 15:01:00Z,25.3,96.0,0.6,light (20-30 dBZ)
Karainagar,Jaffna,2026-09-23 16:01:00Z,25.3,96.0,0.6,light (20-30 dBZ)
Karainagar,Jaffna,2026-09-23 16:40:00Z,25.3,96.0,0.6,light (20-30 dBZ)
Karainagar,Jaffna,2026-09-23 17:01:00Z,25.3,96.0,0.6,light (20-30 dBZ)
Karainagar,Jaffna,2026-09-23 18:36:42Z,28.0,40.0,0.7,light (20-30 dBZ)
Karainagar,Jaffna,2026-09-23 19:01:00Z,25.3,84.0,0.6,light (20-30 dBZ)
Karainagar,Jaffna,2026-09-23 20:00:00Z,25.3,84.0,0.6,light (20-30 dBZ)
Karainagar,Jaffna,2026-09-23 21:01:00Z,25.3,84.0,0.6,light (20-30 dBZ)
Karainagar,Jaffna,2026-09-23 22:01:00Z,25.3,84.0,0.6,light (20-30 dBZ)
Karainagar,Jaffna,2026-09-24 07:01:00Z,25.3,96.0,0.6,light (20-30 dBZ)
Karainagar,Jaffna,2026-09-24 08:01:00Z,25.3,96.0,0.6,light (20-30 dBZ)
Karainagar,Jaffna,2026-09-24 09:01:00Z,25.3,96.0,0.6,light (20-30 dBZ)
Karainagar,Jaffna,2026-09-24 09:51:00Z,25.3,96.0,0.6,light (20-30 dBZ)
Karainagar,Jaffna,2026-09-24 11:01:00Z,25.3,96.0,0.6,light (20-30 dBZ)
Karainagar,Jaffna,2026-09-24 12:01:00Z,25.3,96.0,0.6,light (20-30 dBZ)
Karainagar,Jaffna,2026-09-24 13:01:00Z,28.0,40.0,0.7,light (20-30 dBZ)
Karainagar,Jaffna,2026-09-24 18:59:00Z,28.0,40.0,0.7,light (20-30 dBZ)
Karainagar,Jaffna,2026-09-24 19:01:00Z,28.0,40.0,0.7,light (20-30 dBZ)
Karainagar,Jaffna,2026-09-26 02:42:22Z,28.0,40.0,0.7,light (20-30 dBZ)
Karainagar,Jaffna,2026-10-02 06:22:23Z,20.0,8.0,2.0,light (20-30 dBZ)
Karainagar,Jaffna,2026-10-02 06:32:23Z,22.7,8.0,2.8,light (20-30 dBZ)
Karainagar,Jaffna,2026-10-02 06:52:23Z,33.3,40.0,1.5,moderate (30-40 dBZ)
Karainagar,Jaffna,2026-10-02 07:02:25Z,22.7,12.0,2.4,light (20-30 dBZ)
Karaveddy,Jaffna,2026-09-15 12:42:27Z,20.0,8.0,2.0,light (20-30 dBZ)
Karaveddy,Jaffna,2026-09-15 13:00:00Z,20.0,8.0,2.0,light (20-30 dBZ)
Karaveddy,Jaffna,2026-09-15 13:02:30Z,20.0,4.0,2.2,light (20-30 dBZ)
Karaveddy,Jaffna,2026-09-15 13:24:00Z,20.0,4.0,2.2,light (20-30 dBZ)
Karaveddy,Jaffna,2026-09-17 12:12:26Z,25.3,92.0,0.5,light (20-30 dBZ)
Karaveddy,Jaffna,2026-09-17 13:00:00Z,25.3,92.0,0.5,light (20-30 dBZ)
Karaveddy,Jaffna,2026-09-17 13:18:00Z,25.3,92.0,0.5,light (20-30 dBZ)
Karaveddy,Jaffna,2026-09-17 14:01:00Z,25.3,92.0,0.5,light (20-30 dBZ)
Karaveddy,Jaffna,2026-09-17 15:01:00Z,25.3,92.0,0.5,light (20-30 dBZ)
Karaveddy,Jaffna,2026-09-17 16:01:00Z,25.3,92.0,0.5,light (20-30 dBZ)
Karaveddy,Jaffna,2026-09-20 06:52:23Z,25.3,92.0,0.5,light (20-30 dBZ)
Karaveddy,Jaffna,2026-09-20 08:12:22Z,33.3,68.0,0.5,moderate (30-40 dBZ)
Karaveddy,Jaffna,2026-09-20 08:22:21Z,33.3,64.0,0.5,moderate (30-40 dBZ)
Karaveddy,Jaffna,2026-09-20 09:00:00Z,33.3,64.0,0.5,moderate (30-40 dBZ)
Karaveddy,Jaffna,2026-09-20 10:00:00Z,33.3,64.0,0.5,moderate (30-40 dBZ)
Karaveddy,Jaffna,2026-09-20 11:00:00Z,33.3,64.0,0.5,moderate (30-40 dBZ)
Karaveddy,Jaffna,2026-09-20 12:00:00Z,33.3,64.0,0.5,moderate (30-40 dBZ)
Karaveddy,Jaffna,2026-09-20 13:00:00Z,33.3,64.0,0.5,moderate (30-40 dBZ)
Karaveddy,Jaffna,2026-09-20 14:00:00Z,33.3,64.0,0.5,moderate (30-40 dBZ)
Karaveddy,Jaffna,2026-09-21 12:52:22Z,25.3,92.0,0.5,light (20-30 dBZ)
Karaveddy,Jaffna,2026-09-22 04:32:22Z,25.3,100.0,0.5,light (20-30 dBZ)
Karaveddy,Jaffna,2026-09-22 13:01:00Z,25.3,100.0,0.5,light (20-30 dBZ)
Karaveddy,Jaffna,2026-09-22 14:01:00Z,25.3,100.0,0.5,light (20-30 dBZ)
Karaveddy,Jaffna,2026-09-22 14:37:00Z,25.3,100.0,0.5,light (20-30 dBZ)
Karaveddy,Jaffna,2026-09-22 15:03:00Z,25.3,100.0,0.5,light (20-30 dBZ)
Karaveddy,Jaffna,2026-09-22 15:46:05Z,28.0,40.0,0.7,light (20-30 dBZ)
Karaveddy,Jaffna,2026-09-22 16:01:00Z,28.0,40.0,0.7,light (20-30 dBZ)
Karaveddy,Jaffna,2026-09-23 14:36:09Z,25.3,92.0,0.5,light (20-30 dBZ)
Karaveddy,Jaffna,2026-09-23 14:46:09Z,25.3,100.0,0.5,light (20-30 dBZ)
Karaveddy,Jaffna,2026-09-23 15:01:00Z,25.3,100.0,0.5,light (20-30 dBZ)
Karaveddy,Jaffna,2026-09-23 16:01:00Z,25.3,100.0,0.5,light (20-30 dBZ)
Karaveddy,Jaffna,2026-09-23 16:40:00Z,25.3,100.0,0.5,light (20-30 dBZ)
Karaveddy,Jaffna,2026-09-23 17:01:00Z,25.3,100.0,0.5,light (20-30 dBZ)
Karaveddy,Jaffna,2026-09-23 18:36:42Z,28.0,40.0,0.7,light (20-30 dBZ)
Karaveddy,Jaffna,2026-09-23 19:01:00Z,25.3,92.0,0.5,light (20-30 dBZ)
Karaveddy,Jaffna,2026-09-23 20:00:00Z,25.3,92.0,0.5,light (20-30 dBZ)
Karaveddy,Jaffna,2026-09-23 21:01:00Z,25.3,92.0,0.5,light (20-30 dBZ)
Karaveddy,Jaffna,2026-09-23 22:01:00Z,25.3,92.0,0.5,light (20-30 dBZ)
Karaveddy,Jaffna,2026-09-24 07:01:00Z,25.3,100.0,0.5,light (20-30 dBZ)
Karaveddy,Jaffna,2026-09-24 08:01:00Z,25.3,100.0,0.5,light (20-30 dBZ)
Karaveddy,Jaffna,2026-09-24 09:01:00Z,25.3,100.0,0.5,light (20-30 dBZ)
Karaveddy,Jaffna,2026-09-24 09:51:00Z,25.3,100.0,0.5,light (20-30 dBZ)
Karaveddy,Jaffna,2026-09-24 11:01:00Z,25.3,100.0,0.5,light (20-30 dBZ)
Karaveddy,Jaffna,2026-09-24 12:01:00Z,25.3,100.0,0.5,light (20-30 dBZ)
Karaveddy,Jaffna,2026-09-24 13:01:00Z,28.0,40.0,0.7,light (20-30 dBZ)
Karaveddy,Jaffna,2026-09-24 18:59:00Z,28.0,40.0,0.7,light (20-30 dBZ)
Karaveddy,Jaffna,2026-09-24 19:01:00Z,28.0,40.0,0.7,light (20-30 dBZ)
Karaveddy,Jaffna,2026-09-26 02:42:22Z,28.0,40.0,0.7,light (20-30 dBZ)
Karaveddy,Jaffna,2026-09-26 08:02:22Z,22.7,4.0,1.6,light (20-30 dBZ)
Karaveddy,Jaffna,2026-09-26 10:22:22Z,20.0,8.0,2.0,light (20-30 dBZ)
Karaveddy,Jaffna,2026-10-02 22:22:22Z,25.3,20.0,0.7,light (20-30 dBZ)
Karaveddy,Jaffna,2026-10-02 22:32:22Z,25.3,48.0,0.5,light (20-30 dBZ)
Karaveddy,Jaffna,2026-10-02 22:42:22Z,22.7,12.0,1.6,light (20-30 dBZ)
Kayts,Jaffna,2026-09-17 12:12:26Z,25.3,96.0,0.5,light (20-30 dBZ)
Kayts,Jaffna,2026-09-17 13:00:00Z,25.3,96.0,0.5,light (20-30 dBZ)
Kayts,Jaffna,2026-09-17 13:18:00Z,25.3,96.0,0.5,light (20-30 dBZ)
Kayts,Jaffna,2026-09-17 14:01:00Z,25.3,96.0,0.5,light (20-30 dBZ)
Kayts,Jaffna,2026-09-17 15:01:00Z,25.3,96.0,0.5,light (20-30 dBZ)
Kayts,Jaffna,2026-09-17 16:01:00Z,25.3,96.0,0.5,light (20-30 dBZ)
Kayts,Jaffna,2026-09-20 06:52:23Z,25.3,96.0,0.5,light (20-30 dBZ)
Kayts,Jaffna,2026-09-21 12:52:22Z,25.3,96.0,0.5,light (20-30 dBZ)
Kayts,Jaffna,2026-09-21 21:32:22Z,20.0,8.0,1.1,light (20-30 dBZ)
Kayts,Jaffna,2026-09-22 04:32:22Z,25.3,88.0,0.5,light (20-30 dBZ)
Kayts,Jaffna,2026-09-22 13:01:00Z,25.3,88.0,0.5,light (20-30 dBZ)
Kayts,Jaffna,2026-09-22 14:01:00Z,25.3,88.0,0.5,light (20-30 dBZ)
Kayts,Jaffna,2026-09-22 14:37:00Z,25.3,88.0,0.5,light (20-30 dBZ)
Kayts,Jaffna,2026-09-22 15:03:00Z,25.3,88.0,0.5,light (20-30 dBZ)
Kayts,Jaffna,2026-09-23 14:36:09Z,25.3,96.0,0.5,light (20-30 dBZ)
Kayts,Jaffna,2026-09-23 14:46:09Z,25.3,88.0,0.5,light (20-30 dBZ)
Kayts,Jaffna,2026-09-23 15:01:00Z,25.3,88.0,0.5,light (20-30 dBZ)
Kayts,Jaffna,2026-09-23 16:01:00Z,25.3,88.0,0.5,light (20-30 dBZ)
Kayts,Jaffna,2026-09-23 16:40:00Z,25.3,88.0,0.5,light (20-30 dBZ)
Kayts,Jaffna,2026-09-23 17:01:00Z,25.3,88.0,0.5,light (20-30 dBZ)
Kayts,Jaffna,2026-09-23 19:01:00Z,25.3,96.0,0.5,light (20-30 dBZ)
Kayts,Jaffna,2026-09-23 20:00:00Z,25.3,96.0,0.5,light (20-30 dBZ)
Kayts,Jaffna,2026-09-23 21:01:00Z,25.3,96.0,0.5,light (20-30 dBZ)
Kayts,Jaffna,2026-09-23 22:01:00Z,25.3,96.0,0.5,light (20-30 dBZ)
Kayts,Jaffna,2026-09-24 07:01:00Z,25.3,88.0,0.5,light (20-30 dBZ)
Kayts,Jaffna,2026-09-24 08:01:00Z,25.3,88.0,0.5,light (20-30 dBZ)
Kayts,Jaffna,2026-09-24 09:01:00Z,25.3,88.0,0.5,light (20-30 dBZ)
Kayts,Jaffna,2026-09-24 09:51:00Z,25.3,88.0,0.5,light (20-30 dBZ)
Kayts,Jaffna,2026-09-24 11:01:00Z,25.3,88.0,0.5,light (20-30 dBZ)
Kayts,Jaffna,2026-09-24 12:01:00Z,25.3,88.0,0.5,light (20-30 dBZ)
Kayts,Jaffna,2026-10-02 06:32:23Z,30.7,48.0,1.0,moderate (30-40 dBZ)
Kayts,Jaffna,2026-10-02 06:52:23Z,30.7,36.0,1.4,moderate (30-40 dBZ)
Kayts,Jaffna,2026-10-02 07:02:25Z,30.7,48.0,1.1,moderate (30-40 dBZ)
Kilinochchi,Kilinochchi,2026-09-15 08:22:48Z,44.0,64.0,0.5,heavy (40-50 dBZ)
Kilinochchi,Kilinochchi,2026-09-15 08:32:28Z,44.0,80.0,0.5,heavy (40-50 dBZ)
Kilinochchi,Kilinochchi,2026-09-15 08:42:49Z,41.3,88.0,0.5,heavy (40-50 dBZ)
Kilinochchi,Kilinochchi,2026-09-15 08:52:48Z,46.7,84.0,0.5,heavy (40-50 dBZ)
Kilinochchi,Kilinochchi,2026-09-15 09:00:00Z,41.3,88.0,0.5,heavy (40-50 dBZ)
Kilinochchi,Kilinochchi,2026-09-15 09:02:44Z,46.7,80.0,0.5,heavy (40-50 dBZ)
Kilinochchi,Kilinochchi,2026-09-15 10:05:00Z,46.7,80.0,0.5,heavy (40-50 dBZ)
Kilinochchi,Kilinochchi,2026-09-15 23:32:38Z,20.0,12.0,0.8,light (20-30 dBZ)
Kilinochchi,Kilinochchi,2026-09-16 00:00:00Z,20.0,12.0,0.8,light (20-30 dBZ)
Kilinochchi,Kilinochchi,2026-09-17 12:12:26Z,20.0,72.0,0.5,light (20-30 dBZ)
Kilinochchi,Kilinochchi,2026-09-17 13:00:00Z,20.0,72.0,0.5,light (20-30 dBZ)
Kilinochchi,Kilinochchi,2026-09-17 13:18:00Z,20.0,72.0,0.5,light (20-30 dBZ)
Kilinochchi,Kilinochchi,2026-09-17 14:01:00Z,20.0,72.0,0.5,light (20-30 dBZ)
Kilinochchi,Kilinochchi,2026-09-17 15:01:00Z,20.0,72.0,0.5,light (20-30 dBZ)
Kilinochchi,Kilinochchi,2026-09-17 16:01:00Z,20.0,72.0,0.5,light (20-30 dBZ)
Kilinochchi,Kilinochchi,2026-09-20 06:52:23Z,20.0,72.0,0.5,light (20-30 dBZ)
Kilinochchi,Kilinochchi,2026-09-21 12:52:22Z,20.0,72.0,0.5,light (20-30 dBZ)
Kilinochchi,Kilinochchi,2026-09-22 04:32:22Z,22.7,52.0,0.5,light (20-30 dBZ)
Kilinochchi,Kilinochchi,2026-09-22 13:01:00Z,22.7,52.0,0.5,light (20-30 dBZ)
Kilinochchi,Kilinochchi,2026-09-22 14:01:00Z,22.7,52.0,0.5,light (20-30 dBZ)
Kilinochchi,Kilinochchi,2026-09-22 14:37:00Z,22.7,52.0,0.5,light (20-30 dBZ)
Kilinochchi,Kilinochchi,2026-09-22 15:03:00Z,22.7,52.0,0.5,light (20-30 dBZ)
Kilinochchi,Kilinochchi,2026-09-23 14:36:09Z,20.0,72.0,0.5,light (20-30 dBZ)
Kilinochchi,Kilinochchi,2026-09-23 14:46:09Z,22.7,52.0,0.5,light (20-30 dBZ)
Kilinochchi,Kilinochchi,2026-09-23 15:01:00Z,22.7,52.0,0.5,light (20-30 dBZ)
Kilinochchi,Kilinochchi,2026-09-23 16:01:00Z,22.7,52.0,0.5,light (20-30 dBZ)
Kilinochchi,Kilinochchi,2026-09-23 16:40:00Z,22.7,52.0,0.5,light (20-30 dBZ)
Kilinochchi,Kilinochchi,2026-09-23 17:01:00Z,22.7,52.0,0.5,light (20-30 dBZ)
Kilinochchi,Kilinochchi,2026-09-23 19:01:00Z,20.0,72.0,0.5,light (20-30 dBZ)
Kilinochchi,Kilinochchi,2026-09-23 20:00:00Z,20.0,72.0,0.5,light (20-30 dBZ)
Kilinochchi,Kilinochchi,2026-09-23 21:01:00Z,20.0,72.0,0.5,light (20-30 dBZ)
Kilinochchi,Kilinochchi,2026-09-23 22:01:00Z,20.0,72.0,0.5,light (20-30 dBZ)
Kilinochchi,Kilinochchi,2026-09-24 07:01:00Z,22.7,52.0,0.5,light (20-30 dBZ)
Kilinochchi,Kilinochchi,2026-09-24 08:01:00Z,22.7,52.0,0.5,light (20-30 dBZ)
Kilinochchi,Kilinochchi,2026-09-24 09:01:00Z,22.7,52.0,0.5,light (20-30 dBZ)
Kilinochchi,Kilinochchi,2026-09-24 09:51:00Z,22.7,52.0,0.5,light (20-30 dBZ)
Kilinochchi,Kilinochchi,2026-09-24 11:01:00Z,22.7,52.0,0.5,light (20-30 dBZ)
Kilinochchi,Kilinochchi,2026-09-24 12:01:00Z,22.7,52.0,0.5,light (20-30 dBZ)
Kilinochchi,Kilinochchi,2026-09-26 12:52:23Z,20.0,16.0,1.7,light (20-30 dBZ)
Kilinochchi,Kilinochchi,2026-09-28 10:22:23Z,20.0,4.0,2.7,light (20-30 dBZ)
Kilinochchi,Kilinochchi,2026-09-28 10:32:22Z,20.0,8.0,1.4,light (20-30 dBZ)
Kilinochchi,Kilinochchi,2026-09-28 10:42:23Z,20.0,4.0,2.3,light (20-30 dBZ)
Kilinochchi,Kilinochchi,2026-09-28 11:01:00Z,20.0,4.0,2.3,light (20-30 dBZ)
Kilinochchi,Kilinochchi,2026-09-30 10:52:23Z,20.0,12.0,0.4,light (20-30 dBZ)
Kilinochchi,Kilinochchi,2026-09-30 11:02:22Z,20.0,20.0,1.3,light (20-30 dBZ)
Kilinochchi,Kilinochchi,2026-10-04 08:02:26Z,22.7,20.0,0.5,light (20-30 dBZ)
Kilinochchi,Kilinochchi,2026-10-04 08:22:27Z,33.3,72.0,0.5,moderate (30-40 dBZ)
Kilinochchi,Kilinochchi,2026-10-04 08:32:27Z,30.7,92.0,0.4,moderate (30-40 dBZ)
Kodikamam,Jaffna,2026-09-15 06:43:38Z,20.0,12.0,1.6,light (20-30 dBZ)
Kodikamam,Jaffna,2026-09-15 06:52:28Z,38.7,44.0,0.8,moderate (30-40 dBZ)
Kodikamam,Jaffna,2026-09-15 07:00:00Z,20.0,12.0,1.6,light (20-30 dBZ)
Kodikamam,Jaffna,2026-09-15 07:03:48Z,36.0,68.0,0.5,moderate (30-40 dBZ)
Kodikamam,Jaffna,2026-09-15 07:34:00Z,36.0,68.0,0.5,moderate (30-40 dBZ)
Kodikamam,Jaffna,2026-09-17 12:12:26Z,25.3,76.0,0.6,light (20-30 dBZ)
Kodikamam,Jaffna,2026-09-17 13:00:00Z,25.3,76.0,0.6,light (20-30 dBZ)
Kodikamam,Jaffna,2026-09-17 13:18:00Z,25.3,76.0,0.6,light (20-30 dBZ)
Kodikamam,Jaffna,2026-09-17 14:01:00Z,25.3,76.0,0.6,light (20-30 dBZ)
Kodikamam,Jaffna,2026-09-17 15:01:00Z,25.3,76.0,0.6,light (20-30 dBZ)
Kodikamam,Jaffna,2026-09-17 16:01:00Z,25.3,76.0,0.6,light (20-30 dBZ)
Kodikamam,Jaffna,2026-09-20 06:52:23Z,25.3,76.0,0.6,light (20-30 dBZ)
Kodikamam,Jaffna,2026-09-21 12:52:22Z,25.3,76.0,0.6,light (20-30 dBZ)
Kodikamam,Jaffna,2026-09-22 04:32:22Z,25.3,84.0,0.5,light (20-30 dBZ)
Kodikamam,Jaffna,2026-09-22 13:01:00Z,25.3,84.0,0.5,light (20-30 dBZ)
Kodikamam,Jaffna,2026-09-22 14:01:00Z,25.3,84.0,0.5,light (20-30 dBZ)
Kodikamam,Jaffna,2026-09-22 14:37:00Z,25.3,84.0,0.5,light (20-30 dBZ)
Kodikamam,Jaffna,2026-09-22 15:03:00Z,25.3,84.0,0.5,light (20-30 dBZ)
Kodikamam,Jaffna,2026-09-23 14:36:09Z,25.3,76.0,0.6,light (20-30 dBZ)
Kodikamam,Jaffna,2026-09-23 14:46:09Z,25.3,84.0,0.5,light (20-30 dBZ)
Kodikamam,Jaffna,2026-09-23 15:01:00Z,25.3,84.0,0.5,light (20-30 dBZ)
Kodikamam,Jaffna,2026-09-23 16:01:00Z,25.3,84.0,0.5,light (20-30 dBZ)
Kodikamam,Jaffna,2026-09-23 16:40:00Z,25.3,84.0,0.5,light (20-30 dBZ)
Kodikamam,Jaffna,2026-09-23 17:01:00Z,25.3,84.0,0.5,light (20-30 dBZ)
Kodikamam,Jaffna,2026-09-23 19:01:00Z,25.3,76.0,0.6,light (20-30 dBZ)
Kodikamam,Jaffna,2026-09-23 20:00:00Z,25.3,76.0,0.6,light (20-30 dBZ)
Kodikamam,Jaffna,2026-09-23 21:01:00Z,25.3,76.0,0.6,light (20-30 dBZ)
Kodikamam,Jaffna,2026-09-23 22:01:00Z,25.3,76.0,0.6,light (20-30 dBZ)
Kodikamam,Jaffna,2026-09-24 07:01:00Z,25.3,84.0,0.5,light (20-30 dBZ)
Kodikamam,Jaffna,2026-09-24 08:01:00Z,25.3,84.0,0.5,light (20-30 dBZ)
Kodikamam,Jaffna,2026-09-24 09:01:00Z,25.3,84.0,0.5,light (20-30 dBZ)
Kodikamam,Jaffna,2026-09-24 09:51:00Z,25.3,84.0,0.5,light (20-30 dBZ)
Kodikamam,Jaffna,2026-09-24 11:01:00Z,25.3,84.0,0.5,light (20-30 dBZ)
Kodikamam,Jaffna,2026-09-24 12:01:00Z,25.3,84.0,0.5,light (20-30 dBZ)
Kodikamam,Jaffna,2026-09-26 15:52:22Z,22.7,8.0,1.7,light (20-30 dBZ)
Kodikamam,Jaffna,2026-09-26 16:42:23Z,20.0,28.0,0.5,light (20-30 dBZ)
Kodikamam,Jaffna,2026-09-26 17:01:00Z,20.0,28.0,0.5,light (20-30 dBZ)
Kodikamam,Jaffna,2026-09-26 17:32:22Z,20.0,8.0,1.3,light (20-30 dBZ)
Kodikamam,Jaffna,2026-09-26 18:01:00Z,20.0,8.0,1.3,light (20-30 dBZ)
Kodikamam,Jaffna,2026-09-29 16:52:23Z,25.3,28.0,0.5,light (20-30 dBZ)
Kodikamam,Jaffna,2026-10-02 21:02:22Z,33.3,24.0,1.3,moderate (30-40 dBZ)
Kodikamam,Jaffna,2026-10-02 21:12:23Z,30.7,24.0,0.5,moderate (30-40 dBZ)
Kodikamam,Jaffna,2026-10-03 08:32:22Z,20.0,12.0,0.8,light (20-30 dBZ)
Kodikamam,Jaffna,2026-10-03 08:42:23Z,30.7,60.0,0.5,moderate (30-40 dBZ)
Kodikamam,Jaffna,2026-10-03 08:52:22Z,44.0,60.0,0.5,heavy (40-50 dBZ)
Kodikamam,Jaffna,2026-10-03 09:02:22Z,20.0,16.0,0.9,light (20-30 dBZ)
Kokkilai,Mullaitivu,2026-09-15 20:45:32Z,20.0,4.0,1.1,light (20-30 dBZ)
Kokkilai,Mullaitivu,2026-09-15 21:01:00Z,20.0,4.0,1.1,light (20-30 dBZ)
Kokkilai,Mullaitivu,2026-09-16 12:52:26Z,38.7,72.0,0.4,moderate (30-40 dBZ)
Kokkilai,Mullaitivu,2026-09-16 13:02:26Z,44.0,76.0,0.4,heavy (40-50 dBZ)
Kokkilai,Mullaitivu,2026-09-16 13:12:28Z,36.0,48.0,0.4,moderate (30-40 dBZ)
Kokkilai,Mullaitivu,2026-09-16 13:22:27Z,20.0,24.0,0.7,light (20-30 dBZ)
Kokkilai,Mullaitivu,2026-09-17 12:12:26Z,41.3,60.0,0.4,heavy (40-50 dBZ)
Kokkilai,Mullaitivu,2026-09-17 13:00:00Z,41.3,60.0,0.4,heavy (40-50 dBZ)
Kokkilai,Mullaitivu,2026-09-17 13:18:00Z,41.3,60.0,0.4,heavy (40-50 dBZ)
Kokkilai,Mullaitivu,2026-09-17 14:01:00Z,41.3,60.0,0.4,heavy (40-50 dBZ)
Kokkilai,Mullaitivu,2026-09-17 15:01:00Z,41.3,60.0,0.4,heavy (40-50 dBZ)
Kokkilai,Mullaitivu,2026-09-17 16:01:00Z,41.3,60.0,0.4,heavy (40-50 dBZ)
Kokkilai,Mullaitivu,2026-09-20 06:52:23Z,41.3,60.0,0.4,heavy (40-50 dBZ)
Kokkilai,Mullaitivu,2026-09-21 12:52:22Z,36.0,40.0,1.3,moderate (30-40 dBZ)
Kokkilai,Mullaitivu,2026-09-22 04:32:22Z,28.0,96.0,0.4,light (20-30 dBZ)
Kokkilai,Mullaitivu,2026-09-22 13:01:00Z,28.0,96.0,0.4,light (20-30 dBZ)
Kokkilai,Mullaitivu,2026-09-22 14:01:00Z,28.0,96.0,0.4,light (20-30 dBZ)
Kokkilai,Mullaitivu,2026-09-22 14:37:00Z,28.0,96.0,0.4,light (20-30 dBZ)
Kokkilai,Mullaitivu,2026-09-22 15:03:00Z,28.0,96.0,0.4,light (20-30 dBZ)
Kokkilai,Mullaitivu,2026-09-23 14:36:09Z,41.3,60.0,0.4,heavy (40-50 dBZ)
Kokkilai,Mullaitivu,2026-09-23 14:46:09Z,33.3,60.0,0.4,moderate (30-40 dBZ)
Kokkilai,Mullaitivu,2026-09-23 15:01:00Z,33.3,60.0,0.4,moderate (30-40 dBZ)
Kokkilai,Mullaitivu,2026-09-23 16:01:00Z,33.3,60.0,0.4,moderate (30-40 dBZ)
Kokkilai,Mullaitivu,2026-09-23 16:40:00Z,33.3,60.0,0.4,moderate (30-40 dBZ)
Kokkilai,Mullaitivu,2026-09-23 17:01:00Z,33.3,60.0,0.4,moderate (30-40 dBZ)
Kokkilai,Mullaitivu,2026-09-23 19:01:00Z,41.3,60.0,0.4,heavy (40-50 dBZ)
Kokkilai,Mullaitivu,2026-09-23 20:00:00Z,41.3,60.0,0.4,heavy (40-50 dBZ)
Kokkilai,Mullaitivu,2026-09-23 21:01:00Z,41.3,60.0,0.4,heavy (40-50 dBZ)
Kokkilai,Mullaitivu,2026-09-23 22:01:00Z,41.3,60.0,0.4,heavy (40-50 dBZ)
Kokkilai,Mullaitivu,2026-09-24 07:01:00Z,33.3,60.0,0.4,moderate (30-40 dBZ)
Kokkilai,Mullaitivu,2026-09-24 08:01:00Z,33.3,60.0,0.4,moderate (30-40 dBZ)
Kokkilai,Mullaitivu,2026-09-24 09:01:00Z,33.3,60.0,0.4,moderate (30-40 dBZ)
Kokkilai,Mullaitivu,2026-09-24 09:51:00Z,33.3,60.0,0.4,moderate (30-40 dBZ)
Kokkilai,Mullaitivu,2026-09-24 11:01:00Z,33.3,60.0,0.4,moderate (30-40 dBZ)
Kokkilai,Mullaitivu,2026-09-24 12:01:00Z,33.3,60.0,0.4,moderate (30-40 dBZ)
Kokkilai,Mullaitivu,2026-09-27 10:22:23Z,20.0,4.0,2.0,light (20-30 dBZ)
Kokkilai,Mullaitivu,2026-09-27 12:02:22Z,33.3,92.0,0.4,moderate (30-40 dBZ)
Kokkilai,Mullaitivu,2026-09-27 12:22:22Z,30.7,36.0,0.6,moderate (30-40 dBZ)
Kokkilai,Mullaitivu,2026-09-28 12:02:23Z,28.0,40.0,0.4,light (20-30 dBZ)
Kokkilai,Mullaitivu,2026-09-28 12:32:23Z,25.3,8.0,2.3,light (20-30 dBZ)
Kokkilai,Mullaitivu,2026-09-28 12:42:23Z,22.7,24.0,1.3,light (20-30 dBZ)
Kokkilai,Mullaitivu,2026-09-28 12:52:22Z,25.3,24.0,1.1,light (20-30 dBZ)
Kokkilai,Mullaitivu,2026-09-28 13:01:00Z,22.7,24.0,1.3,light (20-30 dBZ)
Kokkilai,Mullaitivu,2026-09-28 13:02:22Z,20.0,16.0,1.1,light (20-30 dBZ)
Kokkilai,Mullaitivu,2026-09-28 13:42:22Z,20.0,20.0,0.6,light (20-30 dBZ)
Kokkilai,Mullaitivu,2026-09-28 13:52:23Z,20.0,16.0,1.0,light (20-30 dBZ)
Kokkilai,Mullaitivu,2026-09-28 14:01:00Z,20.0,20.0,0.6,light (20-30 dBZ)
Kokkilai,Mullaitivu,2026-09-28 14:02:22Z,28.0,16.0,2.0,light (20-30 dBZ)
Kokkilai,Mullaitivu,2026-09-28 14:12:23Z,36.0,32.0,0.4,moderate (30-40 dBZ)
Kokkilai,Mullaitivu,2026-09-28 14:32:23Z,25.3,12.0,1.1,light (20-30 dBZ)
Kokkilai,Mullaitivu,2026-09-28 14:42:23Z,30.7,64.0,0.4,moderate (30-40 dBZ)
Kokkilai,Mullaitivu,2026-09-28 14:52:23Z,36.0,76.0,0.4,moderate (30-40 dBZ)
Kokkilai,Mullaitivu,2026-09-28 15:01:00Z,30.7,64.0,0.4,moderate (30-40 dBZ)
Kokkilai,Mullaitivu,2026-09-28 15:02:23Z,38.7,92.0,0.3,moderate (30-40 dBZ)
Kokkilai,Mullaitivu,2026-09-28 15:12:23Z,33.3,92.0,0.4,moderate (30-40 dBZ)
Kokkilai,Mullaitivu,2026-09-28 15:15:00Z,36.0,76.0,0.4,moderate (30-40 dBZ)
Kokkilai,Mullaitivu,2026-09-28 15:22:23Z,28.0,76.0,0.5,light (20-30 dBZ)
Kokkilai,Mullaitivu,2026-09-28 15:32:23Z,28.0,64.0,0.5,light (20-30 dBZ)
Kokkilai,Mullaitivu,2026-09-28 15:42:22Z,25.3,40.0,0.6,light (20-30 dBZ)
Kokkilai,Mullaitivu,2026-09-28 15:52:22Z,20.0,8.0,2.0,light (20-30 dBZ)
Kokkilai,Mullaitivu,2026-09-28 16:01:00Z,25.3,40.0,0.6,light (20-30 dBZ)
Kokkilai,Mullaitivu,2026-09-28 16:32:22Z,22.7,24.0,0.6,light (20-30 dBZ)
Kokkilai,Mullaitivu,2026-09-28 18:32:23Z,20.0,4.0,1.1,light (20-30 dBZ)
Kokkilai,Mullaitivu,2026-09-29 10:22:23Z,20.0,4.0,1.2,light (20-30 dBZ)
Kokkilai,Mullaitivu,2026-09-30 12:12:23Z,22.7,40.0,0.6,light (20-30 dBZ)
Kokkilai,Mullaitivu,2026-09-30 12:22:23Z,30.7,36.0,1.1,moderate (30-40 dBZ)
Kokkilai,Mullaitivu,2026-09-30 12:32:22Z,20.0,24.0,1.0,light (20-30 dBZ)
Kokkilai,Mullaitivu,2026-10-03 21:02:22Z,25.3,24.0,0.6,light (20-30 dBZ)
Kokkilai,Mullaitivu,2026-10-03 21:12:23Z,22.7,8.0,0.6,light (20-30 dBZ)
Kokkilai,Mullaitivu,2026-10-03 21:22:22Z,30.7,32.0,0.6,moderate (30-40 dBZ)
Kokkilai,Mullaitivu,2026-10-03 21:32:23Z,30.7,72.0,0.4,moderate (30-40 dBZ)
Kokkilai,Mullaitivu,2026-10-03 21:42:24Z,33.3,56.0,0.4,moderate (30-40 dBZ)
Kokkuthoduvai,Mullaitivu,2026-09-15 20:55:08Z,20.0,8.0,2.4,light (20-30 dBZ)
Kokkuthoduvai,Mullaitivu,2026-09-16 01:10:04Z,20.0,24.0,1.4,light (20-30 dBZ)
Kokkuthoduvai,Mullaitivu,2026-09-17 12:12:26Z,36.0,100.0,0.5,moderate (30-40 dBZ)
Kokkuthoduvai,Mullaitivu,2026-09-17 13:00:00Z,36.0,100.0,0.5,moderate (30-40 dBZ)
Kokkuthoduvai,Mullaitivu,2026-09-17 13:18:00Z,36.0,100.0,0.5,moderate (30-40 dBZ)
Kokkuthoduvai,Mullaitivu,2026-09-17 14:01:00Z,36.0,100.0,0.5,moderate (30-40 dBZ)
Kokkuthoduvai,Mullaitivu,2026-09-17 15:01:00Z,36.0,100.0,0.5,moderate (30-40 dBZ)
Kokkuthoduvai,Mullaitivu,2026-09-17 16:01:00Z,36.0,100.0,0.5,moderate (30-40 dBZ)
Kokkuthoduvai,Mullaitivu,2026-09-20 06:52:23Z,36.0,100.0,0.5,moderate (30-40 dBZ)
Kokkuthoduvai,Mullaitivu,2026-09-21 12:52:22Z,36.0,36.0,1.4,moderate (30-40 dBZ)
Kokkuthoduvai,Mullaitivu,2026-09-22 04:32:22Z,28.0,76.0,0.5,light (20-30 dBZ)
Kokkuthoduvai,Mullaitivu,2026-09-22 13:01:00Z,28.0,76.0,0.5,light (20-30 dBZ)
Kokkuthoduvai,Mullaitivu,2026-09-22 14:01:00Z,28.0,76.0,0.5,light (20-30 dBZ)
Kokkuthoduvai,Mullaitivu,2026-09-22 14:37:00Z,28.0,76.0,0.5,light (20-30 dBZ)
Kokkuthoduvai,Mullaitivu,2026-09-22 15:03:00Z,28.0,76.0,0.5,light (20-30 dBZ)
Kokkuthoduvai,Mullaitivu,2026-09-22 15:46:05Z,20.0,4.0,1.5,light (20-30 dBZ)
Kokkuthoduvai,Mullaitivu,2026-09-22 16:01:00Z,20.0,4.0,1.5,light (20-30 dBZ)
Kokkuthoduvai,Mullaitivu,2026-09-23 14:36:09Z,36.0,100.0,0.5,moderate (30-40 dBZ)
Kokkuthoduvai,Mullaitivu,2026-09-23 14:46:09Z,30.7,100.0,0.5,moderate (30-40 dBZ)
Kokkuthoduvai,Mullaitivu,2026-09-23 15:01:00Z,30.7,100.0,0.5,moderate (30-40 dBZ)
Kokkuthoduvai,Mullaitivu,2026-09-23 16:01:00Z,30.7,100.0,0.5,moderate (30-40 dBZ)
Kokkuthoduvai,Mullaitivu,2026-09-23 16:40:00Z,30.7,100.0,0.5,moderate (30-40 dBZ)
Kokkuthoduvai,Mullaitivu,2026-09-23 17:01:00Z,30.7,100.0,0.5,moderate (30-40 dBZ)
Kokkuthoduvai,Mullaitivu,2026-09-23 18:36:42Z,20.0,4.0,1.5,light (20-30 dBZ)
Kokkuthoduvai,Mullaitivu,2026-09-23 19:01:00Z,36.0,100.0,0.5,moderate (30-40 dBZ)
Kokkuthoduvai,Mullaitivu,2026-09-23 20:00:00Z,36.0,100.0,0.5,moderate (30-40 dBZ)
Kokkuthoduvai,Mullaitivu,2026-09-23 21:01:00Z,36.0,100.0,0.5,moderate (30-40 dBZ)
Kokkuthoduvai,Mullaitivu,2026-09-23 22:01:00Z,36.0,100.0,0.5,moderate (30-40 dBZ)
Kokkuthoduvai,Mullaitivu,2026-09-24 07:01:00Z,30.7,100.0,0.5,moderate (30-40 dBZ)
Kokkuthoduvai,Mullaitivu,2026-09-24 08:01:00Z,30.7,100.0,0.5,moderate (30-40 dBZ)
Kokkuthoduvai,Mullaitivu,2026-09-24 09:01:00Z,30.7,100.0,0.5,moderate (30-40 dBZ)
Kokkuthoduvai,Mullaitivu,2026-09-24 09:51:00Z,30.7,100.0,0.5,moderate (30-40 dBZ)
Kokkuthoduvai,Mullaitivu,2026-09-24 11:01:00Z,30.7,100.0,0.5,moderate (30-40 dBZ)
Kokkuthoduvai,Mullaitivu,2026-09-24 12:01:00Z,30.7,100.0,0.5,moderate (30-40 dBZ)
Kokkuthoduvai,Mullaitivu,2026-09-24 13:01:00Z,20.0,4.0,1.5,light (20-30 dBZ)
Kokkuthoduvai,Mullaitivu,2026-09-24 18:59:00Z,20.0,4.0,1.5,light (20-30 dBZ)
Kokkuthoduvai,Mullaitivu,2026-09-24 19:01:00Z,20.0,4.0,1.5,light (20-30 dBZ)
Kokkuthoduvai,Mullaitivu,2026-09-26 02:42:22Z,20.0,4.0,1.5,light (20-30 dBZ)
Kokkuthoduvai,Mullaitivu,2026-09-27 10:02:23Z,33.3,72.0,0.5,moderate (30-40 dBZ)
Kokkuthoduvai,Mullaitivu,2026-09-27 10:22:23Z,25.3,44.0,0.9,light (20-30 dBZ)
Kokkuthoduvai,Mullaitivu,2026-09-27 10:32:23Z,30.7,40.0,0.5,moderate (30-40 dBZ)
Kokkuthoduvai,Mullaitivu,2026-09-27 10:52:22Z,36.0,80.0,0.5,moderate (30-40 dBZ)
Kokkuthoduvai,Mullaitivu,2026-09-27 11:00:00Z,36.0,80.0,0.5,moderate (30-40 dBZ)
Kokkuthoduvai,Mullaitivu,2026-09-27 11:02:23Z,33.3,84.0,0.5,moderate (30-40 dBZ)
Kokkuthoduvai,Mullaitivu,2026-09-27 12:00:00Z,33.3,84.0,0.5,moderate (30-40 dBZ)
Kokkuthoduvai,Mullaitivu,2026-09-27 12:02:22Z,41.3,92.0,0.5,heavy (40-50 dBZ)
Kokkuthoduvai,Mullaitivu,2026-09-27 12:22:22Z,22.7,56.0,0.5,light (20-30 dBZ)
Kokkuthoduvai,Mullaitivu,2026-09-28 10:42:23Z,33.3,56.0,0.5,moderate (30-40 dBZ)
Kokkuthoduvai,Mullaitivu,2026-09-28 10:52:23Z,30.7,52.0,0.5,moderate (30-40 dBZ)
Kokkuthoduvai,Mullaitivu,2026-09-28 11:01:00Z,33.3,56.0,0.5,moderate (30-40 dBZ)
Kokkuthoduvai,Mullaitivu,2026-09-28 12:01:00Z,30.7,52.0,0.5,moderate (30-40 dBZ)
Kokkuthoduvai,Mullaitivu,2026-09-28 12:02:23Z,20.0,20.0,1.5,light (20-30 dBZ)
Kokkuthoduvai,Mullaitivu,2026-09-28 12:32:23Z,25.3,16.0,1.3,light (20-30 dBZ)
Kokkuthoduvai,Mullaitivu,2026-09-28 12:42:23Z,22.7,32.0,1.3,light (20-30 dBZ)
Kokkuthoduvai,Mullaitivu,2026-09-28 12:52:22Z,30.7,36.0,1.3,moderate (30-40 dBZ)
Kokkuthoduvai,Mullaitivu,2026-09-28 13:01:00Z,22.7,32.0,1.3,light (20-30 dBZ)
Kokkuthoduvai,Mullaitivu,2026-09-28 13:02:22Z,20.0,12.0,1.5,light (20-30 dBZ)
Kokkuthoduvai,Mullaitivu,2026-09-28 14:12:23Z,28.0,4.0,3.2,light (20-30 dBZ)
Kokkuthoduvai,Mullaitivu,2026-09-28 14:32:23Z,25.3,20.0,0.5,light (20-30 dBZ)
Kokkuthoduvai,Mullaitivu,2026-09-28 14:42:23Z,20.0,4.0,2.6,light (20-30 dBZ)
Kokkuthoduvai,Mullaitivu,2026-09-28 15:01:00Z,20.0,4.0,2.6,light (20-30 dBZ)
Kokkuthoduvai,Mullaitivu,2026-09-28 15:12:23Z,20.0,8.0,2.6,light (20-30 dBZ)
Kokkuthoduvai,Mullaitivu,2026-09-29 10:52:23Z,30.7,12.0,0.5,moderate (30-40 dBZ)
Kokkuthoduvai,Mullaitivu,2026-09-30 12:32:22Z,20.0,8.0,0.9,light (20-30 dBZ)
Kokkuvil,Jaffna,2026-09-15 12:42:27Z,20.0,20.0,1.7,light (20-30 dBZ)
Kokkuvil,Jaffna,2026-09-15 13:00:00Z,20.0,20.0,1.6,light (20-30 dBZ)
Kokkuvil,Jaffna,2026-09-17 12:12:26Z,25.3,96.0,0.3,light (20-30 dBZ)
Kokkuvil,Jaffna,2026-09-17 13:00:00Z,25.3,96.0,0.3,light (20-30 dBZ)
Kokkuvil,Jaffna,2026-09-17 13:18:00Z,25.3,96.0,0.3,light (20-30 dBZ)
Kokkuvil,Jaffna,2026-09-17 14:01:00Z,25.3,96.0,0.3,light (20-30 dBZ)
Kokkuvil,Jaffna,2026-09-17 15:01:00Z,25.3,96.0,0.3,light (20-30 dBZ)
Kokkuvil,Jaffna,2026-09-17 16:01:00Z,25.3,96.0,0.3,light (20-30 dBZ)
Kokkuvil,Jaffna,2026-09-20 06:52:23Z,25.3,96.0,0.3,light (20-30 dBZ)
Kokkuvil,Jaffna,2026-09-21 12:52:22Z,25.3,100.0,0.3,light (20-30 dBZ)
Kokkuvil,Jaffna,2026-09-22 04:32:22Z,25.3,80.0,0.7,light (20-30 dBZ)
Kokkuvil,Jaffna,2026-09-22 13:01:00Z,25.3,80.0,0.7,light (20-30 dBZ)
Kokkuvil,Jaffna,2026-09-22 14:01:00Z,25.3,80.0,0.7,light (20-30 dBZ)
Kokkuvil,Jaffna,2026-09-22 14:37:00Z,25.3,80.0,0.7,light (20-30 dBZ)
Kokkuvil,Jaffna,2026-09-22 15:03:00Z,25.3,80.0,0.7,light (20-30 dBZ)
Kokkuvil,Jaffna,2026-09-22 15:46:05Z,20.0,8.0,1.7,light (20-30 dBZ)
Kokkuvil,Jaffna,2026-09-22 16:01:00Z,20.0,8.0,1.7,light (20-30 dBZ)
Kokkuvil,Jaffna,2026-09-23 14:36:09Z,25.3,96.0,0.3,light (20-30 dBZ)
Kokkuvil,Jaffna,2026-09-23 14:46:09Z,25.3,80.0,0.7,light (20-30 dBZ)
Kokkuvil,Jaffna,2026-09-23 15:01:00Z,25.3,80.0,0.7,light (20-30 dBZ)
Kokkuvil,Jaffna,2026-09-23 16:01:00Z,25.3,80.0,0.7,light (20-30 dBZ)
Kokkuvil,Jaffna,2026-09-23 16:40:00Z,25.3,80.0,0.7,light (20-30 dBZ)
Kokkuvil,Jaffna,2026-09-23 17:01:00Z,25.3,80.0,0.7,light (20-30 dBZ)
Kokkuvil,Jaffna,2026-09-23 18:36:42Z,20.0,8.0,1.7,light (20-30 dBZ)
Kokkuvil,Jaffna,2026-09-23 19:01:00Z,25.3,96.0,0.3,light (20-30 dBZ)
Kokkuvil,Jaffna,2026-09-23 20:00:00Z,25.3,96.0,0.3,light (20-30 dBZ)
Kokkuvil,Jaffna,2026-09-23 21:01:00Z,25.3,96.0,0.3,light (20-30 dBZ)
Kokkuvil,Jaffna,2026-09-23 22:01:00Z,25.3,96.0,0.3,light (20-30 dBZ)
Kokkuvil,Jaffna,2026-09-24 07:01:00Z,25.3,80.0,0.7,light (20-30 dBZ)
Kokkuvil,Jaffna,2026-09-24 08:01:00Z,25.3,80.0,0.7,light (20-30 dBZ)
Kokkuvil,Jaffna,2026-09-24 09:01:00Z,25.3,80.0,0.7,light (20-30 dBZ)
Kokkuvil,Jaffna,2026-09-24 09:51:00Z,25.3,80.0,0.7,light (20-30 dBZ)
Kokkuvil,Jaffna,2026-09-24 11:01:00Z,25.3,80.0,0.7,light (20-30 dBZ)
Kokkuvil,Jaffna,2026-09-24 12:01:00Z,25.3,80.0,0.7,light (20-30 dBZ)
Kokkuvil,Jaffna,2026-09-24 13:01:00Z,20.0,8.0,1.7,light (20-30 dBZ)
Kokkuvil,Jaffna,2026-09-24 18:59:00Z,20.0,8.0,1.7,light (20-30 dBZ)
Kokkuvil,Jaffna,2026-09-24 19:01:00Z,20.0,8.0,1.7,light (20-30 dBZ)
Kokkuvil,Jaffna,2026-09-26 02:42:22Z,20.0,8.0,1.7,light (20-30 dBZ)
Kokkuvil,Jaffna,2026-10-02 07:02:25Z,20.0,4.0,2.8,light (20-30 dBZ)
Kokkuvil,Jaffna,2026-10-03 17:52:22Z,28.0,28.0,1.7,light (20-30 dBZ)
Kokkuvil,Jaffna,2026-10-03 18:02:23Z,20.0,28.0,2.1,light (20-30 dBZ)
Kondavil,Jaffna,2026-09-15 12:42:27Z,20.0,32.0,1.0,light (20-30 dBZ)
Kondavil,Jaffna,2026-09-15 13:00:00Z,20.0,32.0,0.9,light (20-30 dBZ)
Kondavil,Jaffna,2026-09-17 12:12:26Z,25.3,92.0,0.3,light (20-30 dBZ)
Kondavil,Jaffna,2026-09-17 13:00:00Z,25.3,92.0,0.3,light (20-30 dBZ)
Kondavil,Jaffna,2026-09-17 13:18:00Z,25.3,92.0,0.3,light (20-30 dBZ)
Kondavil,Jaffna,2026-09-17 14:01:00Z,25.3,92.0,0.3,light (20-30 dBZ)
Kondavil,Jaffna,2026-09-17 15:01:00Z,25.3,92.0,0.3,light (20-30 dBZ)
Kondavil,Jaffna,2026-09-17 16:01:00Z,25.3,92.0,0.3,light (20-30 dBZ)
Kondavil,Jaffna,2026-09-20 06:52:23Z,25.3,92.0,0.3,light (20-30 dBZ)
Kondavil,Jaffna,2026-09-21 12:52:22Z,25.3,100.0,0.3,light (20-30 dBZ)
Kondavil,Jaffna,2026-09-22 04:32:22Z,25.3,84.0,0.6,light (20-30 dBZ)
Kondavil,Jaffna,2026-09-22 13:01:00Z,25.3,84.0,0.6,light (20-30 dBZ)
Kondavil,Jaffna,2026-09-22 14:01:00Z,25.3,84.0,0.6,light (20-30 dBZ)
Kondavil,Jaffna,2026-09-22 14:37:00Z,25.3,84.0,0.6,light (20-30 dBZ)
Kondavil,Jaffna,2026-09-22 15:03:00Z,25.3,84.0,0.6,light (20-30 dBZ)
Kondavil,Jaffna,2026-09-22 15:46:05Z,20.0,8.0,1.1,light (20-30 dBZ)
Kondavil,Jaffna,2026-09-22 16:01:00Z,20.0,8.0,1.1,light (20-30 dBZ)
Kondavil,Jaffna,2026-09-23 14:36:09Z,25.3,92.0,0.3,light (20-30 dBZ)
Kondavil,Jaffna,2026-09-23 14:46:09Z,25.3,84.0,0.6,light (20-30 dBZ)
Kondavil,Jaffna,2026-09-23 15:01:00Z,25.3,84.0,0.6,light (20-30 dBZ)
Kondavil,Jaffna,2026-09-23 16:01:00Z,25.3,84.0,0.6,light (20-30 dBZ)
Kondavil,Jaffna,2026-09-23 16:40:00Z,25.3,84.0,0.6,light (20-30 dBZ)
Kondavil,Jaffna,2026-09-23 17:01:00Z,25.3,84.0,0.6,light (20-30 dBZ)
Kondavil,Jaffna,2026-09-23 18:36:42Z,20.0,8.0,1.1,light (20-30 dBZ)
Kondavil,Jaffna,2026-09-23 19:01:00Z,25.3,92.0,0.3,light (20-30 dBZ)
Kondavil,Jaffna,2026-09-23 20:00:00Z,25.3,92.0,0.3,light (20-30 dBZ)
Kondavil,Jaffna,2026-09-23 21:01:00Z,25.3,92.0,0.3,light (20-30 dBZ)
Kondavil,Jaffna,2026-09-23 22:01:00Z,25.3,92.0,0.3,light (20-30 dBZ)
Kondavil,Jaffna,2026-09-24 07:01:00Z,25.3,84.0,0.6,light (20-30 dBZ)
Kondavil,Jaffna,2026-09-24 08:01:00Z,25.3,84.0,0.6,light (20-30 dBZ)
Kondavil,Jaffna,2026-09-24 09:01:00Z,25.3,84.0,0.6,light (20-30 dBZ)
Kondavil,Jaffna,2026-09-24 09:51:00Z,25.3,84.0,0.6,light (20-30 dBZ)
Kondavil,Jaffna,2026-09-24 11:01:00Z,25.3,84.0,0.6,light (20-30 dBZ)
Kondavil,Jaffna,2026-09-24 12:01:00Z,25.3,84.0,0.6,light (20-30 dBZ)
Kondavil,Jaffna,2026-09-24 13:01:00Z,20.0,8.0,1.1,light (20-30 dBZ)
Kondavil,Jaffna,2026-09-24 18:59:00Z,20.0,8.0,1.1,light (20-30 dBZ)
Kondavil,Jaffna,2026-09-24 19:01:00Z,20.0,8.0,1.1,light (20-30 dBZ)
Kondavil,Jaffna,2026-09-26 02:42:22Z,20.0,8.0,1.1,light (20-30 dBZ)
Kondavil,Jaffna,2026-10-01 11:12:23Z,22.7,4.0,3.0,light (20-30 dBZ)
Kondavil,Jaffna,2026-10-03 17:42:22Z,20.0,12.0,2.2,light (20-30 dBZ)
Kondavil,Jaffna,2026-10-03 17:52:22Z,28.0,68.0,0.3,light (20-30 dBZ)
Kondavil,Jaffna,2026-10-03 18:02:23Z,20.0,36.0,0.3,light (20-30 dBZ)
Kondavil,Jaffna,2026-10-04 08:22:27Z,20.0,4.0,2.9,light (20-30 dBZ)
Kopay,Jaffna,2026-09-15 12:42:27Z,20.0,8.0,2.2,light (20-30 dBZ)
Kopay,Jaffna,2026-09-15 13:00:00Z,20.0,8.0,2.3,light (20-30 dBZ)
Kopay,Jaffna,2026-09-17 12:12:26Z,25.3,92.0,0.5,light (20-30 dBZ)
Kopay,Jaffna,2026-09-17 13:00:00Z,25.3,92.0,0.5,light (20-30 dBZ)
Kopay,Jaffna,2026-09-17 13:18:00Z,25.3,92.0,0.5,light (20-30 dBZ)
Kopay,Jaffna,2026-09-17 14:01:00Z,25.3,92.0,0.5,light (20-30 dBZ)
Kopay,Jaffna,2026-09-17 15:01:00Z,25.3,92.0,0.5,light (20-30 dBZ)
Kopay,Jaffna,2026-09-17 16:01:00Z,25.3,92.0,0.5,light (20-30 dBZ)
Kopay,Jaffna,2026-09-20 06:52:23Z,25.3,92.0,0.5,light (20-30 dBZ)
Kopay,Jaffna,2026-09-21 12:52:22Z,25.3,100.0,0.5,light (20-30 dBZ)
Kopay,Jaffna,2026-09-22 04:32:22Z,25.3,96.0,0.5,light (20-30 dBZ)
Kopay,Jaffna,2026-09-22 13:01:00Z,25.3,96.0,0.5,light (20-30 dBZ)
Kopay,Jaffna,2026-09-22 14:01:00Z,25.3,96.0,0.5,light (20-30 dBZ)
Kopay,Jaffna,2026-09-22 14:37:00Z,25.3,96.0,0.5,light (20-30 dBZ)
Kopay,Jaffna,2026-09-22 15:03:00Z,25.3,96.0,0.5,light (20-30 dBZ)
Kopay,Jaffna,2026-09-22 15:46:05Z,28.0,12.0,2.3,light (20-30 dBZ)
Kopay,Jaffna,2026-09-22 16:01:00Z,28.0,12.0,2.3,light (20-30 dBZ)
Kopay,Jaffna,2026-09-23 14:36:09Z,25.3,92.0,0.5,light (20-30 dBZ)
Kopay,Jaffna,2026-09-23 14:46:09Z,25.3,96.0,0.5,light (20-30 dBZ)
Kopay,Jaffna,2026-09-23 15:01:00Z,25.3,96.0,0.5,light (20-30 dBZ)
Kopay,Jaffna,2026-09-23 16:01:00Z,25.3,96.0,0.5,light (20-30 dBZ)
Kopay,Jaffna,2026-09-23 16:40:00Z,25.3,96.0,0.5,light (20-30 dBZ)
Kopay,Jaffna,2026-09-23 17:01:00Z,25.3,96.0,0.5,light (20-30 dBZ)
Kopay,Jaffna,2026-09-23 18:36:42Z,28.0,12.0,2.3,light (20-30 dBZ)
Kopay,Jaffna,2026-09-23 19:01:00Z,25.3,92.0,0.5,light (20-30 dBZ)
Kopay,Jaffna,2026-09-23 20:00:00Z,25.3,92.0,0.5,light (20-30 dBZ)
Kopay,Jaffna,2026-09-23 21:01:00Z,25.3,92.0,0.5,light (20-30 dBZ)
Kopay,Jaffna,2026-09-23 22:01:00Z,25.3,92.0,0.5,light (20-30 dBZ)
Kopay,Jaffna,2026-09-24 07:01:00Z,25.3,96.0,0.5,light (20-30 dBZ)
Kopay,Jaffna,2026-09-24 08:01:00Z,25.3,96.0,0.5,light (20-30 dBZ)
Kopay,Jaffna,2026-09-24 09:01:00Z,25.3,96.0,0.5,light (20-30 dBZ)
Kopay,Jaffna,2026-09-24 09:51:00Z,25.3,96.0,0.5,light (20-30 dBZ)
Kopay,Jaffna,2026-09-24 11:01:00Z,25.3,96.0,0.5,light (20-30 dBZ)
Kopay,Jaffna,2026-09-24 12:01:00Z,25.3,96.0,0.5,light (20-30 dBZ)
Kopay,Jaffna,2026-09-24 13:01:00Z,28.0,12.0,2.3,light (20-30 dBZ)
Kopay,Jaffna,2026-09-24 18:59:00Z,28.0,12.0,2.3,light (20-30 dBZ)
Kopay,Jaffna,2026-09-24 19:01:00Z,28.0,12.0,2.3,light (20-30 dBZ)
Kopay,Jaffna,2026-09-26 02:42:22Z,28.0,12.0,2.3,light (20-30 dBZ)
Kopay,Jaffna,2026-10-01 10:52:22Z,20.0,20.0,1.5,light (20-30 dBZ)
Kopay,Jaffna,2026-10-03 17:42:22Z,20.0,28.0,0.6,light (20-30 dBZ)
Kopay,Jaffna,2026-10-03 17:52:22Z,28.0,60.0,0.5,light (20-30 dBZ)
Kopay,Jaffna,2026-10-03 18:02:23Z,22.7,28.0,1.8,light (20-30 dBZ)
Kopay,Jaffna,2026-10-04 08:22:27Z,20.0,8.0,1.3,light (20-30 dBZ)
Mallakam,Jaffna,2026-09-15 12:42:27Z,22.7,12.0,1.8,light (20-30 dBZ)
Mallakam,Jaffna,2026-09-15 12:53:40Z,20.0,8.0,2.5,light (20-30 dBZ)
Mallakam,Jaffna,2026-09-15 13:00:00Z,22.7,12.0,1.8,light (20-30 dBZ)
Mallakam,Jaffna,2026-09-17 12:12:26Z,25.3,92.0,0.5,light (20-30 dBZ)
Mallakam,Jaffna,2026-09-17 13:00:00Z,25.3,92.0,0.5,light (20-30 dBZ)
Mallakam,Jaffna,2026-09-17 13:18:00Z,25.3,92.0,0.5,light (20-30 dBZ)
Mallakam,Jaffna,2026-09-17 14:01:00Z,25.3,92.0,0.5,light (20-30 dBZ)
Mallakam,Jaffna,2026-09-17 15:01:00Z,25.3,92.0,0.5,light (20-30 dBZ)
Mallakam,Jaffna,2026-09-17 16:01:00Z,25.3,92.0,0.5,light (20-30 dBZ)
Mallakam,Jaffna,2026-09-20 06:52:23Z,25.3,92.0,0.5,light (20-30 dBZ)
Mallakam,Jaffna,2026-09-21 12:52:22Z,25.3,100.0,0.5,light (20-30 dBZ)
Mallakam,Jaffna,2026-09-22 04:32:22Z,25.3,92.0,0.5,light (20-30 dBZ)
Mallakam,Jaffna,2026-09-22 13:01:00Z,25.3,92.0,0.5,light (20-30 dBZ)
Mallakam,Jaffna,2026-09-22 14:01:00Z,25.3,92.0,0.5,light (20-30 dBZ)
Mallakam,Jaffna,2026-09-22 14:37:00Z,25.3,92.0,0.5,light (20-30 dBZ)
Mallakam,Jaffna,2026-09-22 15:03:00Z,25.3,92.0,0.5,light (20-30 dBZ)
Mallakam,Jaffna,2026-09-22 15:46:05Z,28.0,100.0,0.5,light (20-30 dBZ)
Mallakam,Jaffna,2026-09-22 16:01:00Z,28.0,100.0,0.5,light (20-30 dBZ)
Mallakam,Jaffna,2026-09-23 14:36:09Z,25.3,92.0,0.5,light (20-30 dBZ)
Mallakam,Jaffna,2026-09-23 14:46:09Z,25.3,92.0,0.5,light (20-30 dBZ)
Mallakam,Jaffna,2026-09-23 15:01:00Z,25.3,92.0,0.5,light (20-30 dBZ)
Mallakam,Jaffna,2026-09-23 16:01:00Z,25.3,92.0,0.5,light (20-30 dBZ)
Mallakam,Jaffna,2026-09-23 16:40:00Z,25.3,92.0,0.5,light (20-30 dBZ)
Mallakam,Jaffna,2026-09-23 17:01:00Z,25.3,92.0,0.5,light (20-30 dBZ)
Mallakam,Jaffna,2026-09-23 18:36:42Z,28.0,100.0,0.5,light (20-30 dBZ)
Mallakam,Jaffna,2026-09-23 19:01:00Z,25.3,92.0,0.5,light (20-30 dBZ)
Mallakam,Jaffna,2026-09-23 20:00:00Z,25.3,92.0,0.5,light (20-30 dBZ)
Mallakam,Jaffna,2026-09-23 21:01:00Z,25.3,92.0,0.5,light (20-30 dBZ)
Mallakam,Jaffna,2026-09-23 22:01:00Z,25.3,92.0,0.5,light (20-30 dBZ)
Mallakam,Jaffna,2026-09-24 07:01:00Z,25.3,92.0,0.5,light (20-30 dBZ)
Mallakam,Jaffna,2026-09-24 08:01:00Z,25.3,92.0,0.5,light (20-30 dBZ)
Mallakam,Jaffna,2026-09-24 09:01:00Z,25.3,92.0,0.5,light (20-30 dBZ)
Mallakam,Jaffna,2026-09-24 09:51:00Z,25.3,92.0,0.5,light (20-30 dBZ)
Mallakam,Jaffna,2026-09-24 11:01:00Z,25.3,92.0,0.5,light (20-30 dBZ)
Mallakam,Jaffna,2026-09-24 12:01:00Z,25.3,92.0,0.5,light (20-30 dBZ)
Mallakam,Jaffna,2026-09-24 13:01:00Z,28.0,100.0,0.5,light (20-30 dBZ)
Mallakam,Jaffna,2026-09-24 18:59:00Z,28.0,100.0,0.5,light (20-30 dBZ)
Mallakam,Jaffna,2026-09-24 19:01:00Z,28.0,100.0,0.5,light (20-30 dBZ)
Mallakam,Jaffna,2026-09-26 02:42:22Z,28.0,100.0,0.5,light (20-30 dBZ)
Mallakam,Jaffna,2026-09-26 10:42:22Z,20.0,12.0,1.4,light (20-30 dBZ)
Mallakam,Jaffna,2026-09-26 17:22:22Z,25.3,24.0,1.0,light (20-30 dBZ)
Mallakam,Jaffna,2026-09-26 17:52:23Z,22.7,16.0,1.4,light (20-30 dBZ)
Mallakam,Jaffna,2026-09-27 14:22:23Z,20.0,4.0,2.4,light (20-30 dBZ)
Mallakam,Jaffna,2026-10-02 06:52:23Z,22.7,12.0,1.4,light (20-30 dBZ)
Mallakam,Jaffna,2026-10-02 07:02:25Z,20.0,4.0,1.4,light (20-30 dBZ)
Mallakam,Jaffna,2026-10-04 08:02:26Z,44.0,88.0,0.4,heavy (40-50 dBZ)
Mallakam,Jaffna,2026-10-04 08:22:27Z,36.0,72.0,0.5,moderate (30-40 dBZ)
Mallakam,Jaffna,2026-10-04 08:32:27Z,46.7,64.0,0.5,heavy (40-50 dBZ)
Mallavi,Mullaitivu,2026-09-15 13:32:29Z,20.0,16.0,0.5,light (20-30 dBZ)
Mallavi,Mullaitivu,2026-09-17 12:12:26Z,36.0,88.0,0.2,moderate (30-40 dBZ)
Mallavi,Mullaitivu,2026-09-17 13:00:00Z,36.0,88.0,0.2,moderate (30-40 dBZ)
Mallavi,Mullaitivu,2026-09-17 13:18:00Z,36.0,88.0,0.2,moderate (30-40 dBZ)
Mallavi,Mullaitivu,2026-09-17 14:01:00Z,36.0,88.0,0.2,moderate (30-40 dBZ)
Mallavi,Mullaitivu,2026-09-17 15:01:00Z,36.0,88.0,0.2,moderate (30-40 dBZ)
Mallavi,Mullaitivu,2026-09-17 16:01:00Z,36.0,88.0,0.2,moderate (30-40 dBZ)
Mallavi,Mullaitivu,2026-09-20 06:52:23Z,36.0,88.0,0.2,moderate (30-40 dBZ)
Mallavi,Mullaitivu,2026-09-21 12:52:22Z,36.0,100.0,0.2,moderate (30-40 dBZ)
Mallavi,Mullaitivu,2026-09-23 14:36:09Z,36.0,88.0,0.2,moderate (30-40 dBZ)
Mallavi,Mullaitivu,2026-09-23 14:46:09Z,30.7,100.0,0.2,moderate (30-40 dBZ)
Mallavi,Mullaitivu,2026-09-23 15:01:00Z,30.7,100.0,0.2,moderate (30-40 dBZ)
Mallavi,Mullaitivu,2026-09-23 16:01:00Z,30.7,100.0,0.2,moderate (30-40 dBZ)
Mallavi,Mullaitivu,2026-09-23 16:40:00Z,30.7,100.0,0.2,moderate (30-40 dBZ)
Mallavi,Mullaitivu,2026-09-23 17:01:00Z,30.7,100.0,0.2,moderate (30-40 dBZ)
Mallavi,Mullaitivu,2026-09-23 19:01:00Z,36.0,88.0,0.2,moderate (30-40 dBZ)
Mallavi,Mullaitivu,2026-09-23 20:00:00Z,36.0,88.0,0.2,moderate (30-40 dBZ)
Mallavi,Mullaitivu,2026-09-23 21:01:00Z,36.0,88.0,0.2,moderate (30-40 dBZ)
Mallavi,Mullaitivu,2026-09-23 22:01:00Z,36.0,88.0,0.2,moderate (30-40 dBZ)
Mallavi,Mullaitivu,2026-09-24 07:01:00Z,30.7,100.0,0.2,moderate (30-40 dBZ)
Mallavi,Mullaitivu,2026-09-24 08:01:00Z,30.7,100.0,0.2,moderate (30-40 dBZ)
Mallavi,Mullaitivu,2026-09-24 09:01:00Z,30.7,100.0,0.2,moderate (30-40 dBZ)
Mallavi,Mullaitivu,2026-09-24 09:51:00Z,30.7,100.0,0.2,moderate (30-40 dBZ)
Mallavi,Mullaitivu,2026-09-24 11:01:00Z,30.7,100.0,0.2,moderate (30-40 dBZ)
Mallavi,Mullaitivu,2026-09-24 12:01:00Z,30.7,100.0,0.2,moderate (30-40 dBZ)
Mallavi,Mullaitivu,2026-10-01 10:12:23Z,28.0,88.0,0.2,light (20-30 dBZ)
Mallavi,Mullaitivu,2026-10-01 10:22:22Z,30.7,92.0,0.4,moderate (30-40 dBZ)
Mallavi,Mullaitivu,2026-10-01 10:32:22Z,36.0,100.0,0.2,moderate (30-40 dBZ)
Mallavi,Mullaitivu,2026-10-01 10:52:22Z,41.3,68.0,1.2,heavy (40-50 dBZ)
Mallavi,Mullaitivu,2026-10-01 11:12:23Z,33.3,76.0,0.2,moderate (30-40 dBZ)
Mallavi,Mullaitivu,2026-10-01 12:02:23Z,20.0,8.0,1.0,light (20-30 dBZ)
Mallavi,Mullaitivu,2026-10-02 10:12:26Z,36.0,100.0,0.2,moderate (30-40 dBZ)
Mallavi,Mullaitivu,2026-10-02 10:52:23Z,28.0,44.0,1.1,light (20-30 dBZ)
Mallavi,Mullaitivu,2026-10-02 11:02:22Z,33.3,72.0,0.2,moderate (30-40 dBZ)
Mallavi,Mullaitivu,2026-10-04 08:32:27Z,20.0,4.0,2.6,light (20-30 dBZ)
Mandaitivu,Jaffna,2026-09-17 12:12:26Z,25.3,84.0,0.5,light (20-30 dBZ)
Mandaitivu,Jaffna,2026-09-17 13:00:00Z,25.3,84.0,0.5,light (20-30 dBZ)
Mandaitivu,Jaffna,2026-09-17 13:18:00Z,25.3,84.0,0.5,light (20-30 dBZ)
Mandaitivu,Jaffna,2026-09-17 14:01:00Z,25.3,84.0,0.5,light (20-30 dBZ)
Mandaitivu,Jaffna,2026-09-17 15:01:00Z,25.3,84.0,0.5,light (20-30 dBZ)
Mandaitivu,Jaffna,2026-09-17 16:01:00Z,25.3,84.0,0.5,light (20-30 dBZ)
Mandaitivu,Jaffna,2026-09-20 06:52:23Z,25.3,84.0,0.5,light (20-30 dBZ)
Mandaitivu,Jaffna,2026-09-21 12:52:22Z,25.3,88.0,0.5,light (20-30 dBZ)
Mandaitivu,Jaffna,2026-09-22 04:32:22Z,25.3,68.0,0.7,light (20-30 dBZ)
Mandaitivu,Jaffna,2026-09-22 13:01:00Z,25.3,68.0,0.7,light (20-30 dBZ)
Mandaitivu,Jaffna,2026-09-22 14:01:00Z,25.3,68.0,0.7,light (20-30 dBZ)
Mandaitivu,Jaffna,2026-09-22 14:37:00Z,25.3,68.0,0.7,light (20-30 dBZ)
Mandaitivu,Jaffna,2026-09-22 15:03:00Z,25.3,68.0,0.7,light (20-30 dBZ)
Mandaitivu,Jaffna,2026-09-22 15:46:05Z,20.0,8.0,1.7,light (20-30 dBZ)
Mandaitivu,Jaffna,2026-09-22 16:01:00Z,20.0,8.0,1.7,light (20-30 dBZ)
Mandaitivu,Jaffna,2026-09-23 14:36:09Z,25.3,84.0,0.5,light (20-30 dBZ)
Mandaitivu,Jaffna,2026-09-23 14:46:09Z,25.3,68.0,0.7,light (20-30 dBZ)
Mandaitivu,Jaffna,2026-09-23 15:01:00Z,25.3,68.0,0.7,light (20-30 dBZ)
Mandaitivu,Jaffna,2026-09-23 16:01:00Z,25.3,68.0,0.7,light (20-30 dBZ)
Mandaitivu,Jaffna,2026-09-23 16:40:00Z,25.3,68.0,0.7,light (20-30 dBZ)
Mandaitivu,Jaffna,2026-09-23 17:01:00Z,25.3,68.0,0.7,light (20-30 dBZ)
Mandaitivu,Jaffna,2026-09-23 18:36:42Z,20.0,8.0,1.7,light (20-30 dBZ)
Mandaitivu,Jaffna,2026-09-23 19:01:00Z,25.3,84.0,0.5,light (20-30 dBZ)
Mandaitivu,Jaffna,2026-09-23 20:00:00Z,25.3,84.0,0.5,light (20-30 dBZ)
Mandaitivu,Jaffna,2026-09-23 21:01:00Z,25.3,84.0,0.5,light (20-30 dBZ)
Mandaitivu,Jaffna,2026-09-23 22:01:00Z,25.3,84.0,0.5,light (20-30 dBZ)
Mandaitivu,Jaffna,2026-09-24 07:01:00Z,25.3,68.0,0.7,light (20-30 dBZ)
Mandaitivu,Jaffna,2026-09-24 08:01:00Z,25.3,68.0,0.7,light (20-30 dBZ)
Mandaitivu,Jaffna,2026-09-24 09:01:00Z,25.3,68.0,0.7,light (20-30 dBZ)
Mandaitivu,Jaffna,2026-09-24 09:51:00Z,25.3,68.0,0.7,light (20-30 dBZ)
Mandaitivu,Jaffna,2026-09-24 11:01:00Z,25.3,68.0,0.7,light (20-30 dBZ)
Mandaitivu,Jaffna,2026-09-24 12:01:00Z,25.3,68.0,0.7,light (20-30 dBZ)
Mandaitivu,Jaffna,2026-09-24 13:01:00Z,20.0,8.0,1.7,light (20-30 dBZ)
Mandaitivu,Jaffna,2026-09-24 18:59:00Z,20.0,8.0,1.7,light (20-30 dBZ)
Mandaitivu,Jaffna,2026-09-24 19:01:00Z,20.0,8.0,1.7,light (20-30 dBZ)
Mandaitivu,Jaffna,2026-09-26 02:42:22Z,20.0,8.0,1.7,light (20-30 dBZ)
Mandaitivu,Jaffna,2026-10-01 10:12:23Z,20.0,4.0,2.7,light (20-30 dBZ)
Mandaitivu,Jaffna,2026-10-02 10:12:26Z,33.3,60.0,0.5,moderate (30-40 dBZ)
Manipay,Jaffna,2026-09-17 12:12:26Z,25.3,88.0,0.6,light (20-30 dBZ)
Manipay,Jaffna,2026-09-17 13:00:00Z,25.3,88.0,0.6,light (20-30 dBZ)
Manipay,Jaffna,2026-09-17 13:18:00Z,25.3,88.0,0.6,light (20-30 dBZ)
Manipay,Jaffna,2026-09-17 14:01:00Z,25.3,88.0,0.6,light (20-30 dBZ)
Manipay,Jaffna,2026-09-17 15:01:00Z,25.3,88.0,0.6,light (20-30 dBZ)
Manipay,Jaffna,2026-09-17 16:01:00Z,25.3,88.0,0.6,light (20-30 dBZ)
Manipay,Jaffna,2026-09-20 06:52:23Z,25.3,88.0,0.6,light (20-30 dBZ)
Manipay,Jaffna,2026-09-21 12:52:22Z,25.3,96.0,0.6,light (20-30 dBZ)
Manipay,Jaffna,2026-09-22 04:32:22Z,25.3,88.0,0.6,light (20-30 dBZ)
Manipay,Jaffna,2026-09-22 13:01:00Z,25.3,88.0,0.6,light (20-30 dBZ)
Manipay,Jaffna,2026-09-22 14:01:00Z,25.3,88.0,0.6,light (20-30 dBZ)
Manipay,Jaffna,2026-09-22 14:37:00Z,25.3,88.0,0.6,light (20-30 dBZ)
Manipay,Jaffna,2026-09-22 15:03:00Z,25.3,88.0,0.6,light (20-30 dBZ)
Manipay,Jaffna,2026-09-23 14:36:09Z,25.3,88.0,0.6,light (20-30 dBZ)
Manipay,Jaffna,2026-09-23 14:46:09Z,25.3,88.0,0.6,light (20-30 dBZ)
Manipay,Jaffna,2026-09-23 15:01:00Z,25.3,88.0,0.6,light (20-30 dBZ)
Manipay,Jaffna,2026-09-23 16:01:00Z,25.3,88.0,0.6,light (20-30 dBZ)
Manipay,Jaffna,2026-09-23 16:40:00Z,25.3,88.0,0.6,light (20-30 dBZ)
Manipay,Jaffna,2026-09-23 17:01:00Z,25.3,88.0,0.6,light (20-30 dBZ)
Manipay,Jaffna,2026-09-23 19:01:00Z,25.3,88.0,0.6,light (20-30 dBZ)
Manipay,Jaffna,2026-09-23 20:00:00Z,25.3,88.0,0.6,light (20-30 dBZ)
Manipay,Jaffna,2026-09-23 21:01:00Z,25.3,88.0,0.6,light (20-30 dBZ)
Manipay,Jaffna,2026-09-23 22:01:00Z,25.3,88.0,0.6,light (20-30 dBZ)
Manipay,Jaffna,2026-09-24 07:01:00Z,25.3,88.0,0.6,light (20-30 dBZ)
Manipay,Jaffna,2026-09-24 08:01:00Z,25.3,88.0,0.6,light (20-30 dBZ)
Manipay,Jaffna,2026-09-24 09:01:00Z,25.3,88.0,0.6,light (20-30 dBZ)
Manipay,Jaffna,2026-09-24 09:51:00Z,25.3,88.0,0.6,light (20-30 dBZ)
Manipay,Jaffna,2026-09-24 11:01:00Z,25.3,88.0,0.6,light (20-30 dBZ)
Manipay,Jaffna,2026-09-24 12:01:00Z,25.3,88.0,0.6,light (20-30 dBZ)
Manipay,Jaffna,2026-09-29 16:22:23Z,20.0,4.0,2.3,light (20-30 dBZ)
Manipay,Jaffna,2026-10-02 07:02:25Z,20.0,28.0,0.7,light (20-30 dBZ)
Manipay,Jaffna,2026-10-03 18:02:23Z,20.0,16.0,1.5,light (20-30 dBZ)
Manipay,Jaffna,2026-10-04 08:02:26Z,33.3,16.0,1.6,moderate (30-40 dBZ)
Manipay,Jaffna,2026-10-04 08:22:27Z,30.7,12.0,1.6,moderate (30-40 dBZ)
Manipay,Jaffna,2026-10-04 08:32:27Z,22.7,12.0,1.6,light (20-30 dBZ)
Mankulam,Mullaitivu,2026-09-15 08:22:48Z,28.0,32.0,1.3,light (20-30 dBZ)
Mankulam,Mullaitivu,2026-09-15 08:32:28Z,36.0,60.0,0.7,moderate (30-40 dBZ)
Mankulam,Mullaitivu,2026-09-15 08:42:49Z,33.3,64.0,0.4,moderate (30-40 dBZ)
Mankulam,Mullaitivu,2026-09-15 08:52:48Z,41.3,72.0,0.7,heavy (40-50 dBZ)
Mankulam,Mullaitivu,2026-09-15 09:00:00Z,33.3,64.0,0.4,moderate (30-40 dBZ)
Mankulam,Mullaitivu,2026-09-15 09:02:44Z,36.0,92.0,0.4,moderate (30-40 dBZ)
Mankulam,Mullaitivu,2026-09-15 10:05:00Z,36.0,92.0,0.4,moderate (30-40 dBZ)
Mankulam,Mullaitivu,2026-09-17 12:12:26Z,36.0,92.0,0.4,moderate (30-40 dBZ)
Mankulam,Mullaitivu,2026-09-17 13:00:00Z,36.0,92.0,0.4,moderate (30-40 dBZ)
Mankulam,Mullaitivu,2026-09-17 13:18:00Z,36.0,92.0,0.4,moderate (30-40 dBZ)
Mankulam,Mullaitivu,2026-09-17 14:01:00Z,36.0,92.0,0.4,moderate (30-40 dBZ)
Mankulam,Mullaitivu,2026-09-17 15:01:00Z,36.0,92.0,0.4,moderate (30-40 dBZ)
Mankulam,Mullaitivu,2026-09-17 16:01:00Z,36.0,92.0,0.4,moderate (30-40 dBZ)
Mankulam,Mullaitivu,2026-09-20 06:52:23Z,36.0,92.0,0.4,moderate (30-40 dBZ)
Mankulam,Mullaitivu,2026-09-21 12:52:22Z,36.0,100.0,0.4,moderate (30-40 dBZ)
Mankulam,Mullaitivu,2026-09-23 14:36:09Z,36.0,92.0,0.4,moderate (30-40 dBZ)
Mankulam,Mullaitivu,2026-09-23 14:46:09Z,30.7,100.0,0.4,moderate (30-40 dBZ)
Mankulam,Mullaitivu,2026-09-23 15:01:00Z,30.7,100.0,0.4,moderate (30-40 dBZ)
Mankulam,Mullaitivu,2026-09-23 16:01:00Z,30.7,100.0,0.4,moderate (30-40 dBZ)
Mankulam,Mullaitivu,2026-09-23 16:40:00Z,30.7,100.0,0.4,moderate (30-40 dBZ)
Mankulam,Mullaitivu,2026-09-23 17:01:00Z,30.7,100.0,0.4,moderate (30-40 dBZ)
Mankulam,Mullaitivu,2026-09-23 19:01:00Z,36.0,92.0,0.4,moderate (30-40 dBZ)
Mankulam,Mullaitivu,2026-09-23 20:00:00Z,36.0,92.0,0.4,moderate (30-40 dBZ)
Mankulam,Mullaitivu,2026-09-23 21:01:00Z,36.0,92.0,0.4,moderate (30-40 dBZ)
Mankulam,Mullaitivu,2026-09-23 22:01:00Z,36.0,92.0,0.4,moderate (30-40 dBZ)
Mankulam,Mullaitivu,2026-09-24 07:01:00Z,30.7,100.0,0.4,moderate (30-40 dBZ)
Mankulam,Mullaitivu,2026-09-24 08:01:00Z,30.7,100.0,0.4,moderate (30-40 dBZ)
Mankulam,Mullaitivu,2026-09-24 09:01:00Z,30.7,100.0,0.4,moderate (30-40 dBZ)
Mankulam,Mullaitivu,2026-09-24 09:51:00Z,30.7,100.0,0.4,moderate (30-40 dBZ)
Mankulam,Mullaitivu,2026-09-24 11:01:00Z,30.7,100.0,0.4,moderate (30-40 dBZ)
Mankulam,Mullaitivu,2026-09-24 12:01:00Z,30.7,100.0,0.4,moderate (30-40 dBZ)
Mankulam,Mullaitivu,2026-09-28 09:02:22Z,28.0,56.0,0.7,light (20-30 dBZ)
Mankulam,Mullaitivu,2026-09-28 10:01:00Z,28.0,56.0,0.7,light (20-30 dBZ)
Mankulam,Mullaitivu,2026-09-30 08:32:23Z,20.0,8.0,2.4,light (20-30 dBZ)
Mankulam,Mullaitivu,2026-10-01 10:12:23Z,33.3,44.0,0.7,moderate (30-40 dBZ)
Mankulam,Mullaitivu,2026-10-03 08:42:23Z,30.7,8.0,2.3,moderate (30-40 dBZ)
Mankulam,Mullaitivu,2026-10-03 08:52:22Z,22.7,68.0,0.4,light (20-30 dBZ)
Mankulam,Mullaitivu,2026-10-03 09:02:22Z,25.3,40.0,0.4,light (20-30 dBZ)
Mankulam,Mullaitivu,2026-10-03 11:12:23Z,20.0,4.0,2.7,light (20-30 dBZ)
Mankulam,Mullaitivu,2026-10-04 08:32:27Z,20.0,12.0,2.2,light (20-30 dBZ)
Maruthankerney,Jaffna,2026-09-15 13:02:30Z,22.7,32.0,0.4,light (20-30 dBZ)
Maruthankerney,Jaffna,2026-09-15 13:24:00Z,22.7,32.0,0.4,light (20-30 dBZ)
Maruthankerney,Jaffna,2026-09-17 12:12:26Z,25.3,92.0,0.7,light (20-30 dBZ)
Maruthankerney,Jaffna,2026-09-17 13:00:00Z,25.3,92.0,0.7,light (20-30 dBZ)
Maruthankerney,Jaffna,2026-09-17 13:18:00Z,25.3,92.0,0.7,light (20-30 dBZ)
Maruthankerney,Jaffna,2026-09-17 14:01:00Z,25.3,92.0,0.7,light (20-30 dBZ)
Maruthankerney,Jaffna,2026-09-17 15:01:00Z,25.3,92.0,0.7,light (20-30 dBZ)
Maruthankerney,Jaffna,2026-09-17 16:01:00Z,25.3,92.0,0.7,light (20-30 dBZ)
Maruthankerney,Jaffna,2026-09-20 06:52:23Z,25.3,92.0,0.7,light (20-30 dBZ)
Maruthankerney,Jaffna,2026-09-21 12:52:22Z,25.3,92.0,0.7,light (20-30 dBZ)
Maruthankerney,Jaffna,2026-09-22 04:32:22Z,25.3,88.0,0.7,light (20-30 dBZ)
Maruthankerney,Jaffna,2026-09-22 13:01:00Z,25.3,88.0,0.7,light (20-30 dBZ)
Maruthankerney,Jaffna,2026-09-22 14:01:00Z,25.3,88.0,0.7,light (20-30 dBZ)
Maruthankerney,Jaffna,2026-09-22 14:37:00Z,25.3,88.0,0.7,light (20-30 dBZ)
Maruthankerney,Jaffna,2026-09-22 15:03:00Z,25.3,88.0,0.7,light (20-30 dBZ)
Maruthankerney,Jaffna,2026-09-22 15:46:05Z,20.0,4.0,2.3,light (20-30 dBZ)
Maruthankerney,Jaffna,2026-09-22 16:01:00Z,20.0,4.0,2.3,light (20-30 dBZ)
Maruthankerney,Jaffna,2026-09-23 14:36:09Z,25.3,92.0,0.7,light (20-30 dBZ)
Maruthankerney,Jaffna,2026-09-23 14:46:09Z,25.3,88.0,0.7,light (20-30 dBZ)
Maruthankerney,Jaffna,2026-09-23 15:01:00Z,25.3,88.0,0.7,light (20-30 dBZ)
Maruthankerney,Jaffna,2026-09-23 16:01:00Z,25.3,88.0,0.7,light (20-30 dBZ)
Maruthankerney,Jaffna,2026-09-23 16:40:00Z,25.3,88.0,0.7,light (20-30 dBZ)
Maruthankerney,Jaffna,2026-09-23 17:01:00Z,25.3,88.0,0.7,light (20-30 dBZ)
Maruthankerney,Jaffna,2026-09-23 18:36:42Z,20.0,4.0,2.3,light (20-30 dBZ)
Maruthankerney,Jaffna,2026-09-23 19:01:00Z,25.3,92.0,0.7,light (20-30 dBZ)
Maruthankerney,Jaffna,2026-09-23 20:00:00Z,25.3,92.0,0.7,light (20-30 dBZ)
Maruthankerney,Jaffna,2026-09-23 21:01:00Z,25.3,92.0,0.7,light (20-30 dBZ)
Maruthankerney,Jaffna,2026-09-23 22:01:00Z,25.3,92.0,0.7,light (20-30 dBZ)
Maruthankerney,Jaffna,2026-09-24 07:01:00Z,25.3,88.0,0.7,light (20-30 dBZ)
Maruthankerney,Jaffna,2026-09-24 08:01:00Z,25.3,88.0,0.7,light (20-30 dBZ)
Maruthankerney,Jaffna,2026-09-24 09:01:00Z,25.3,88.0,0.7,light (20-30 dBZ)
Maruthankerney,Jaffna,2026-09-24 09:51:00Z,25.3,88.0,0.7,light (20-30 dBZ)
Maruthankerney,Jaffna,2026-09-24 11:01:00Z,25.3,88.0,0.7,light (20-30 dBZ)
Maruthankerney,Jaffna,2026-09-24 12:01:00Z,25.3,88.0,0.7,light (20-30 dBZ)
Maruthankerney,Jaffna,2026-09-24 13:01:00Z,20.0,4.0,2.3,light (20-30 dBZ)
Maruthankerney,Jaffna,2026-09-24 18:59:00Z,20.0,4.0,2.3,light (20-30 dBZ)
Maruthankerney,Jaffna,2026-09-24 19:01:00Z,20.0,4.0,2.3,light (20-30 dBZ)
Maruthankerney,Jaffna,2026-09-26 02:42:22Z,20.0,4.0,2.3,light (20-30 dBZ)
Maruthankerney,Jaffna,2026-09-26 11:02:22Z,30.7,8.0,2.4,moderate (30-40 dBZ)
Maruthankerney,Jaffna,2026-09-26 12:01:00Z,30.7,8.0,2.4,moderate (30-40 dBZ)
Maruthankerney,Jaffna,2026-09-26 12:52:23Z,20.0,12.0,0.7,light (20-30 dBZ)
Maruthankerney,Jaffna,2026-09-27 12:22:22Z,20.0,4.0,2.0,light (20-30 dBZ)
Maruthankerney,Jaffna,2026-09-28 12:02:23Z,22.7,4.0,2.3,light (20-30 dBZ)
Maruthankerney,Jaffna,2026-09-28 12:12:23Z,25.3,20.0,1.9,light (20-30 dBZ)
Maruthankerney,Jaffna,2026-09-28 12:42:23Z,20.0,8.0,1.7,light (20-30 dBZ)
Maruthankerney,Jaffna,2026-09-28 12:52:22Z,20.0,20.0,0.7,light (20-30 dBZ)
Maruthankerney,Jaffna,2026-09-28 13:01:00Z,20.0,8.0,1.7,light (20-30 dBZ)
Maruthankerney,Jaffna,2026-09-28 13:02:22Z,20.0,4.0,2.0,light (20-30 dBZ)
Maviddapuram,Jaffna,2026-09-15 12:42:27Z,30.7,36.0,0.2,moderate (30-40 dBZ)
Maviddapuram,Jaffna,2026-09-15 12:53:40Z,20.0,12.0,1.8,light (20-30 dBZ)
Maviddapuram,Jaffna,2026-09-15 13:00:00Z,30.7,36.0,0.3,moderate (30-40 dBZ)
Maviddapuram,Jaffna,2026-09-15 13:02:30Z,22.7,24.0,0.9,light (20-30 dBZ)
Maviddapuram,Jaffna,2026-09-15 13:24:00Z,22.7,24.0,0.9,light (20-30 dBZ)
Maviddapuram,Jaffna,2026-09-17 12:12:26Z,25.3,92.0,0.2,light (20-30 dBZ)
Maviddapuram,Jaffna,2026-09-17 13:00:00Z,25.3,92.0,0.2,light (20-30 dBZ)
Maviddapuram,Jaffna,2026-09-17 13:18:00Z,25.3,92.0,0.2,light (20-30 dBZ)
Maviddapuram,Jaffna,2026-09-17 14:01:00Z,25.3,92.0,0.2,light (20-30 dBZ)
Maviddapuram,Jaffna,2026-09-17 15:01:00Z,25.3,92.0,0.2,light (20-30 dBZ)
Maviddapuram,Jaffna,2026-09-17 16:01:00Z,25.3,92.0,0.2,light (20-30 dBZ)
Maviddapuram,Jaffna,2026-09-20 06:52:23Z,25.3,92.0,0.2,light (20-30 dBZ)
Maviddapuram,Jaffna,2026-09-21 12:52:22Z,25.3,92.0,0.2,light (20-30 dBZ)
Maviddapuram,Jaffna,2026-09-22 04:32:22Z,25.3,96.0,0.2,light (20-30 dBZ)
Maviddapuram,Jaffna,2026-09-22 13:01:00Z,25.3,96.0,0.2,light (20-30 dBZ)
Maviddapuram,Jaffna,2026-09-22 14:01:00Z,25.3,96.0,0.2,light (20-30 dBZ)
Maviddapuram,Jaffna,2026-09-22 14:37:00Z,25.3,96.0,0.2,light (20-30 dBZ)
Maviddapuram,Jaffna,2026-09-22 15:03:00Z,25.3,96.0,0.2,light (20-30 dBZ)
Maviddapuram,Jaffna,2026-09-22 15:46:05Z,28.0,100.0,0.2,light (20-30 dBZ)
Maviddapuram,Jaffna,2026-09-22 16:01:00Z,28.0,100.0,0.2,light (20-30 dBZ)
Maviddapuram,Jaffna,2026-09-23 14:36:09Z,25.3,92.0,0.2,light (20-30 dBZ)
Maviddapuram,Jaffna,2026-09-23 14:46:09Z,25.3,96.0,0.2,light (20-30 dBZ)
Maviddapuram,Jaffna,2026-09-23 15:01:00Z,25.3,96.0,0.2,light (20-30 dBZ)
Maviddapuram,Jaffna,2026-09-23 16:01:00Z,25.3,96.0,0.2,light (20-30 dBZ)
Maviddapuram,Jaffna,2026-09-23 16:40:00Z,25.3,96.0,0.2,light (20-30 dBZ)
Maviddapuram,Jaffna,2026-09-23 17:01:00Z,25.3,96.0,0.2,light (20-30 dBZ)
Maviddapuram,Jaffna,2026-09-23 18:36:42Z,28.0,100.0,0.2,light (20-30 dBZ)
Maviddapuram,Jaffna,2026-09-23 19:01:00Z,25.3,92.0,0.2,light (20-30 dBZ)
Maviddapuram,Jaffna,2026-09-23 20:00:00Z,25.3,92.0,0.2,light (20-30 dBZ)
Maviddapuram,Jaffna,2026-09-23 21:01:00Z,25.3,92.0,0.2,light (20-30 dBZ)
Maviddapuram,Jaffna,2026-09-23 22:01:00Z,25.3,92.0,0.2,light (20-30 dBZ)
Maviddapuram,Jaffna,2026-09-24 07:01:00Z,25.3,96.0,0.2,light (20-30 dBZ)
Maviddapuram,Jaffna,2026-09-24 08:01:00Z,25.3,96.0,0.2,light (20-30 dBZ)
Maviddapuram,Jaffna,2026-09-24 09:01:00Z,25.3,96.0,0.2,light (20-30 dBZ)
Maviddapuram,Jaffna,2026-09-24 09:51:00Z,25.3,96.0,0.2,light (20-30 dBZ)
Maviddapuram,Jaffna,2026-09-24 11:01:00Z,25.3,96.0,0.2,light (20-30 dBZ)
Maviddapuram,Jaffna,2026-09-24 12:01:00Z,25.3,96.0,0.2,light (20-30 dBZ)
Maviddapuram,Jaffna,2026-09-24 13:01:00Z,28.0,100.0,0.2,light (20-30 dBZ)
Maviddapuram,Jaffna,2026-09-24 18:59:00Z,28.0,100.0,0.2,light (20-30 dBZ)
Maviddapuram,Jaffna,2026-09-24 19:01:00Z,28.0,100.0,0.2,light (20-30 dBZ)
Maviddapuram,Jaffna,2026-09-26 02:42:22Z,28.0,100.0,0.2,light (20-30 dBZ)
Maviddapuram,Jaffna,2026-09-26 10:42:22Z,20.0,12.0,1.2,light (20-30 dBZ)
Maviddapuram,Jaffna,2026-09-26 14:52:23Z,30.7,12.0,1.1,moderate (30-40 dBZ)
Maviddapuram,Jaffna,2026-09-26 15:02:22Z,25.3,16.0,0.9,light (20-30 dBZ)
Maviddapuram,Jaffna,2026-09-26 16:22:22Z,25.3,12.0,0.9,light (20-30 dBZ)
Maviddapuram,Jaffna,2026-09-26 16:32:23Z,25.3,12.0,0.9,light (20-30 dBZ)
Maviddapuram,Jaffna,2026-09-26 17:22:22Z,25.3,48.0,0.2,light (20-30 dBZ)
Maviddapuram,Jaffna,2026-09-26 17:52:23Z,22.7,32.0,0.2,light (20-30 dBZ)
Maviddapuram,Jaffna,2026-09-27 14:22:23Z,20.0,16.0,0.2,light (20-30 dBZ)
Maviddapuram,Jaffna,2026-09-30 13:02:24Z,20.0,4.0,2.3,light (20-30 dBZ)
Maviddapuram,Jaffna,2026-10-04 08:02:26Z,44.0,36.0,0.3,heavy (40-50 dBZ)
Maviddapuram,Jaffna,2026-10-04 08:22:27Z,33.3,24.0,1.2,moderate (30-40 dBZ)
Maviddapuram,Jaffna,2026-10-04 08:32:27Z,46.7,48.0,0.2,heavy (40-50 dBZ)
Meesalai,Jaffna,2026-09-15 06:43:38Z,20.0,4.0,2.3,light (20-30 dBZ)
Meesalai,Jaffna,2026-09-15 06:52:28Z,28.0,36.0,0.4,light (20-30 dBZ)
Meesalai,Jaffna,2026-09-15 07:00:00Z,20.0,4.0,2.3,light (20-30 dBZ)
Meesalai,Jaffna,2026-09-15 07:03:48Z,25.3,24.0,0.4,light (20-30 dBZ)
Meesalai,Jaffna,2026-09-15 07:34:00Z,25.3,24.0,0.4,light (20-30 dBZ)
Meesalai,Jaffna,2026-09-15 08:02:30Z,20.0,16.0,1.6,light (20-30 dBZ)
Meesalai,Jaffna,2026-09-15 12:53:40Z,20.0,4.0,2.4,light (20-30 dBZ)
Meesalai,Jaffna,2026-09-15 13:12:56Z,22.7,4.0,2.6,light (20-30 dBZ)
Meesalai,Jaffna,2026-09-16 08:42:26Z,20.0,4.0,2.2,light (20-30 dBZ)
Meesalai,Jaffna,2026-09-16 09:00:00Z,20.0,4.0,2.2,light (20-30 dBZ)
Meesalai,Jaffna,2026-09-16 12:32:27Z,20.0,16.0,1.3,light (20-30 dBZ)
Meesalai,Jaffna,2026-09-17 12:12:26Z,25.3,100.0,0.4,light (20-30 dBZ)
Meesalai,Jaffna,2026-09-17 13:00:00Z,25.3,100.0,0.4,light (20-30 dBZ)
Meesalai,Jaffna,2026-09-17 13:18:00Z,25.3,100.0,0.4,light (20-30 dBZ)
Meesalai,Jaffna,2026-09-17 14:01:00Z,25.3,100.0,0.4,light (20-30 dBZ)
Meesalai,Jaffna,2026-09-17 15:01:00Z,25.3,100.0,0.4,light (20-30 dBZ)
Meesalai,Jaffna,2026-09-17 16:01:00Z,25.3,100.0,0.4,light (20-30 dBZ)
Meesalai,Jaffna,2026-09-20 06:52:23Z,25.3,100.0,0.4,light (20-30 dBZ)
Meesalai,Jaffna,2026-09-21 12:52:22Z,25.3,100.0,0.4,light (20-30 dBZ)
Meesalai,Jaffna,2026-09-22 04:32:22Z,25.3,72.0,0.7,light (20-30 dBZ)
Meesalai,Jaffna,2026-09-22 13:01:00Z,25.3,72.0,0.7,light (20-30 dBZ)
Meesalai,Jaffna,2026-09-22 14:01:00Z,25.3,72.0,0.7,light (20-30 dBZ)
Meesalai,Jaffna,2026-09-22 14:37:00Z,25.3,72.0,0.7,light (20-30 dBZ)
Meesalai,Jaffna,2026-09-22 15:03:00Z,25.3,72.0,0.7,light (20-30 dBZ)
Meesalai,Jaffna,2026-09-22 15:46:05Z,20.0,4.0,0.4,light (20-30 dBZ)
Meesalai,Jaffna,2026-09-22 16:01:00Z,20.0,4.0,0.4,light (20-30 dBZ)
Meesalai,Jaffna,2026-09-23 14:36:09Z,25.3,100.0,0.4,light (20-30 dBZ)
Meesalai,Jaffna,2026-09-23 14:46:09Z,25.3,72.0,0.7,light (20-30 dBZ)
Meesalai,Jaffna,2026-09-23 15:01:00Z,25.3,72.0,0.7,light (20-30 dBZ)
Meesalai,Jaffna,2026-09-23 16:01:00Z,25.3,72.0,0.7,light (20-30 dBZ)
Meesalai,Jaffna,2026-09-23 16:40:00Z,25.3,72.0,0.7,light (20-30 dBZ)
Meesalai,Jaffna,2026-09-23 17:01:00Z,25.3,72.0,0.7,light (20-30 dBZ)
Meesalai,Jaffna,2026-09-23 18:36:42Z,20.0,4.0,0.4,light (20-30 dBZ)
Meesalai,Jaffna,2026-09-23 19:01:00Z,25.3,100.0,0.4,light (20-30 dBZ)
Meesalai,Jaffna,2026-09-23 20:00:00Z,25.3,100.0,0.4,light (20-30 dBZ)
Meesalai,Jaffna,2026-09-23 21:01:00Z,25.3,100.0,0.4,light (20-30 dBZ)
Meesalai,Jaffna,2026-09-23 22:01:00Z,25.3,100.0,0.4,light (20-30 dBZ)
Meesalai,Jaffna,2026-09-24 07:01:00Z,25.3,72.0,0.7,light (20-30 dBZ)
Meesalai,Jaffna,2026-09-24 08:01:00Z,25.3,72.0,0.7,light (20-30 dBZ)
Meesalai,Jaffna,2026-09-24 09:01:00Z,25.3,72.0,0.7,light (20-30 dBZ)
Meesalai,Jaffna,2026-09-24 09:51:00Z,25.3,72.0,0.7,light (20-30 dBZ)
Meesalai,Jaffna,2026-09-24 11:01:00Z,25.3,72.0,0.7,light (20-30 dBZ)
Meesalai,Jaffna,2026-09-24 12:01:00Z,25.3,72.0,0.7,light (20-30 dBZ)
Meesalai,Jaffna,2026-09-24 13:01:00Z,20.0,4.0,0.4,light (20-30 dBZ)
Meesalai,Jaffna,2026-09-24 18:59:00Z,20.0,4.0,0.4,light (20-30 dBZ)
Meesalai,Jaffna,2026-09-24 19:01:00Z,20.0,4.0,0.4,light (20-30 dBZ)
Meesalai,Jaffna,2026-09-26 02:42:22Z,20.0,4.0,0.4,light (20-30 dBZ)
Meesalai,Jaffna,2026-09-26 13:12:22Z,20.0,4.0,2.5,light (20-30 dBZ)
Meesalai,Jaffna,2026-09-26 13:52:23Z,25.3,4.0,2.5,light (20-30 dBZ)
Meesalai,Jaffna,2026-09-26 15:02:22Z,20.0,16.0,1.5,light (20-30 dBZ)
Meesalai,Jaffna,2026-09-26 15:22:23Z,44.0,8.0,1.7,heavy (40-50 dBZ)
Meesalai,Jaffna,2026-09-26 15:32:22Z,22.7,16.0,1.3,light (20-30 dBZ)
Meesalai,Jaffna,2026-09-26 15:52:22Z,30.7,20.0,1.3,moderate (30-40 dBZ)
Meesalai,Jaffna,2026-09-26 16:02:22Z,28.0,20.0,1.3,light (20-30 dBZ)
Meesalai,Jaffna,2026-09-26 16:12:22Z,33.3,36.0,1.3,moderate (30-40 dBZ)
Meesalai,Jaffna,2026-09-26 16:32:23Z,30.7,20.0,0.4,moderate (30-40 dBZ)
Meesalai,Jaffna,2026-09-26 16:52:23Z,20.0,8.0,1.2,light (20-30 dBZ)
Meesalai,Jaffna,2026-09-26 17:02:22Z,20.0,12.0,0.4,light (20-30 dBZ)
Meesalai,Jaffna,2026-09-26 17:32:22Z,20.0,28.0,1.2,light (20-30 dBZ)
Meesalai,Jaffna,2026-09-26 18:01:00Z,20.0,28.0,1.2,light (20-30 dBZ)
Meesalai,Jaffna,2026-09-28 12:52:22Z,22.7,16.0,1.3,light (20-30 dBZ)
Meesalai,Jaffna,2026-09-28 13:32:22Z,20.0,20.0,1.2,light (20-30 dBZ)
Meesalai,Jaffna,2026-09-28 16:42:22Z,22.7,16.0,1.3,light (20-30 dBZ)
Meesalai,Jaffna,2026-09-28 17:01:00Z,22.7,16.0,1.3,light (20-30 dBZ)
Meesalai,Jaffna,2026-09-29 16:52:23Z,25.3,4.0,2.3,light (20-30 dBZ)
Meesalai,Jaffna,2026-10-01 10:22:22Z,28.0,16.0,1.4,light (20-30 dBZ)
Meesalai,Jaffna,2026-10-01 11:12:23Z,28.0,20.0,1.3,light (20-30 dBZ)
Meesalai,Jaffna,2026-10-01 15:42:23Z,20.0,16.0,1.3,light (20-30 dBZ)
Meesalai,Jaffna,2026-10-01 18:22:24Z,22.7,20.0,1.3,light (20-30 dBZ)
Meesalai,Jaffna,2026-10-02 21:02:22Z,30.7,12.0,2.3,moderate (30-40 dBZ)
Meesalai,Jaffna,2026-10-02 21:12:23Z,33.3,32.0,0.4,moderate (30-40 dBZ)
Meesalai,Jaffna,2026-10-02 21:32:23Z,25.3,16.0,1.3,light (20-30 dBZ)
Meesalai,Jaffna,2026-10-03 08:42:23Z,20.0,16.0,0.4,light (20-30 dBZ)
Meesalai,Jaffna,2026-10-03 08:52:22Z,28.0,40.0,0.4,light (20-30 dBZ)
Meesalai,Jaffna,2026-10-03 09:02:22Z,20.0,16.0,0.7,light (20-30 dBZ)
Meesalai,Jaffna,2026-10-04 08:22:27Z,25.3,16.0,1.3,light (20-30 dBZ)
Meesalai,Jaffna,2026-10-04 08:32:27Z,44.0,44.0,0.6,heavy (40-50 dBZ)
Mulankavil,Kilinochchi,2026-09-17 12:12:26Z,25.3,80.0,0.3,light (20-30 dBZ)
Mulankavil,Kilinochchi,2026-09-17 13:00:00Z,25.3,80.0,0.3,light (20-30 dBZ)
Mulankavil,Kilinochchi,2026-09-17 13:18:00Z,25.3,80.0,0.3,light (20-30 dBZ)
Mulankavil,Kilinochchi,2026-09-17 14:01:00Z,25.3,80.0,0.3,light (20-30 dBZ)
Mulankavil,Kilinochchi,2026-09-17 15:01:00Z,25.3,80.0,0.3,light (20-30 dBZ)
Mulankavil,Kilinochchi,2026-09-17 16:01:00Z,25.3,80.0,0.3,light (20-30 dBZ)
Mulankavil,Kilinochchi,2026-09-20 06:52:23Z,25.3,80.0,0.3,light (20-30 dBZ)
Mulankavil,Kilinochchi,2026-09-21 12:52:22Z,25.3,80.0,0.3,light (20-30 dBZ)
Mulankavil,Kilinochchi,2026-09-22 04:32:22Z,22.7,72.0,0.3,light (20-30 dBZ)
Mulankavil,Kilinochchi,2026-09-22 13:01:00Z,22.7,72.0,0.3,light (20-30 dBZ)
Mulankavil,Kilinochchi,2026-09-22 14:01:00Z,22.7,72.0,0.3,light (20-30 dBZ)
Mulankavil,Kilinochchi,2026-09-22 14:37:00Z,22.7,72.0,0.3,light (20-30 dBZ)
Mulankavil,Kilinochchi,2026-09-22 15:03:00Z,22.7,72.0,0.3,light (20-30 dBZ)
Mulankavil,Kilinochchi,2026-09-23 14:36:09Z,25.3,80.0,0.3,light (20-30 dBZ)
Mulankavil,Kilinochchi,2026-09-23 14:46:09Z,22.7,72.0,0.3,light (20-30 dBZ)
Mulankavil,Kilinochchi,2026-09-23 15:01:00Z,22.7,72.0,0.3,light (20-30 dBZ)
Mulankavil,Kilinochchi,2026-09-23 16:01:00Z,22.7,72.0,0.3,light (20-30 dBZ)
Mulankavil,Kilinochchi,2026-09-23 16:40:00Z,22.7,72.0,0.3,light (20-30 dBZ)
Mulankavil,Kilinochchi,2026-09-23 17:01:00Z,22.7,72.0,0.3,light (20-30 dBZ)
Mulankavil,Kilinochchi,2026-09-23 19:01:00Z,25.3,80.0,0.3,light (20-30 dBZ)
Mulankavil,Kilinochchi,2026-09-23 20:00:00Z,25.3,80.0,0.3,light (20-30 dBZ)
Mulankavil,Kilinochchi,2026-09-23 21:01:00Z,25.3,80.0,0.3,light (20-30 dBZ)
Mulankavil,Kilinochchi,2026-09-23 22:01:00Z,25.3,80.0,0.3,light (20-30 dBZ)
Mulankavil,Kilinochchi,2026-09-24 07:01:00Z,22.7,72.0,0.3,light (20-30 dBZ)
Mulankavil,Kilinochchi,2026-09-24 08:01:00Z,22.7,72.0,0.3,light (20-30 dBZ)
Mulankavil,Kilinochchi,2026-09-24 09:01:00Z,22.7,72.0,0.3,light (20-30 dBZ)
Mulankavil,Kilinochchi,2026-09-24 09:51:00Z,22.7,72.0,0.3,light (20-30 dBZ)
Mulankavil,Kilinochchi,2026-09-24 11:01:00Z,22.7,72.0,0.3,light (20-30 dBZ)
Mulankavil,Kilinochchi,2026-09-24 12:01:00Z,22.7,72.0,0.3,light (20-30 dBZ)
Mulankavil,Kilinochchi,2026-09-26 14:42:23Z,20.0,12.0,1.5,light (20-30 dBZ)
Mulankavil,Kilinochchi,2026-09-26 14:52:23Z,30.7,24.0,0.6,moderate (30-40 dBZ)
Mulankavil,Kilinochchi,2026-09-26 15:01:00Z,20.0,12.0,1.5,light (20-30 dBZ)
Mulankavil,Kilinochchi,2026-09-26 15:02:22Z,25.3,12.0,1.6,light (20-30 dBZ)
Mulankavil,Kilinochchi,2026-09-26 15:52:22Z,20.0,12.0,1.5,light (20-30 dBZ)
Mulankavil,Kilinochchi,2026-09-26 16:22:22Z,36.0,12.0,1.6,moderate (30-40 dBZ)
Mulankavil,Kilinochchi,2026-09-26 16:32:23Z,25.3,12.0,1.6,light (20-30 dBZ)
Mulankavil,Kilinochchi,2026-09-26 17:02:22Z,20.0,12.0,1.6,light (20-30 dBZ)
Mulankavil,Kilinochchi,2026-10-01 10:12:23Z,22.7,12.0,1.6,light (20-30 dBZ)
Mulankavil,Kilinochchi,2026-10-01 10:22:22Z,22.7,36.0,0.4,light (20-30 dBZ)
Mulankavil,Kilinochchi,2026-10-01 11:12:23Z,33.3,68.0,0.3,moderate (30-40 dBZ)
Mulankavil,Kilinochchi,2026-10-01 12:02:23Z,33.3,100.0,0.4,moderate (30-40 dBZ)
Mulankavil,Kilinochchi,2026-10-03 16:22:23Z,22.7,4.0,2.4,light (20-30 dBZ)
Mullaitivu,Mullaitivu,2026-09-15 12:22:37Z,20.0,4.0,2.6,light (20-30 dBZ)
Mullaitivu,Mullaitivu,2026-09-15 23:22:01Z,22.7,4.0,2.7,light (20-30 dBZ)
Mullaitivu,Mullaitivu,2026-09-15 23:32:38Z,20.0,28.0,1.1,light (20-30 dBZ)
Mullaitivu,Mullaitivu,2026-09-16 00:00:00Z,20.0,28.0,1.1,light (20-30 dBZ)
Mullaitivu,Mullaitivu,2026-09-17 12:12:26Z,20.0,32.0,0.8,light (20-30 dBZ)
Mullaitivu,Mullaitivu,2026-09-17 13:00:00Z,20.0,32.0,0.8,light (20-30 dBZ)
Mullaitivu,Mullaitivu,2026-09-17 13:18:00Z,20.0,32.0,0.8,light (20-30 dBZ)
Mullaitivu,Mullaitivu,2026-09-17 14:01:00Z,20.0,32.0,0.8,light (20-30 dBZ)
Mullaitivu,Mullaitivu,2026-09-17 15:01:00Z,20.0,32.0,0.8,light (20-30 dBZ)
Mullaitivu,Mullaitivu,2026-09-17 16:01:00Z,20.0,32.0,0.8,light (20-30 dBZ)
Mullaitivu,Mullaitivu,2026-09-20 06:52:23Z,20.0,32.0,0.8,light (20-30 dBZ)
Mullaitivu,Mullaitivu,2026-09-20 08:22:21Z,38.7,12.0,2.1,moderate (30-40 dBZ)
Mullaitivu,Mullaitivu,2026-09-20 09:00:00Z,38.7,12.0,2.1,moderate (30-40 dBZ)
Mullaitivu,Mullaitivu,2026-09-20 10:00:00Z,38.7,12.0,2.1,moderate (30-40 dBZ)
Mullaitivu,Mullaitivu,2026-09-20 11:00:00Z,38.7,12.0,2.1,moderate (30-40 dBZ)
Mullaitivu,Mullaitivu,2026-09-20 12:00:00Z,38.7,12.0,2.1,moderate (30-40 dBZ)
Mullaitivu,Mullaitivu,2026-09-20 13:00:00Z,38.7,12.0,2.1,moderate (30-40 dBZ)
Mullaitivu,Mullaitivu,2026-09-20 14:00:00Z,38.7,12.0,2.1,moderate (30-40 dBZ)
Mullaitivu,Mullaitivu,2026-09-21 12:52:22Z,20.0,32.0,0.8,light (20-30 dBZ)
Mullaitivu,Mullaitivu,2026-09-22 04:32:22Z,22.7,64.0,0.8,light (20-30 dBZ)
Mullaitivu,Mullaitivu,2026-09-22 13:01:00Z,22.7,64.0,0.8,light (20-30 dBZ)
Mullaitivu,Mullaitivu,2026-09-22 14:01:00Z,22.7,64.0,0.8,light (20-30 dBZ)
Mullaitivu,Mullaitivu,2026-09-22 14:37:00Z,22.7,64.0,0.8,light (20-30 dBZ)
Mullaitivu,Mullaitivu,2026-09-22 15:03:00Z,22.7,64.0,0.8,light (20-30 dBZ)
Mullaitivu,Mullaitivu,2026-09-23 14:36:09Z,20.0,32.0,0.8,light (20-30 dBZ)
Mullaitivu,Mullaitivu,2026-09-23 14:46:09Z,22.7,64.0,0.8,light (20-30 dBZ)
Mullaitivu,Mullaitivu,2026-09-23 15:01:00Z,22.7,64.0,0.8,light (20-30 dBZ)
Mullaitivu,Mullaitivu,2026-09-23 16:01:00Z,22.7,64.0,0.8,light (20-30 dBZ)
Mullaitivu,Mullaitivu,2026-09-23 16:40:00Z,22.7,64.0,0.8,light (20-30 dBZ)
Mullaitivu,Mullaitivu,2026-09-23 17:01:00Z,22.7,64.0,0.8,light (20-30 dBZ)
Mullaitivu,Mullaitivu,2026-09-23 19:01:00Z,20.0,32.0,0.8,light (20-30 dBZ)
Mullaitivu,Mullaitivu,2026-09-23 20:00:00Z,20.0,32.0,0.8,light (20-30 dBZ)
Mullaitivu,Mullaitivu,2026-09-23 21:01:00Z,20.0,32.0,0.8,light (20-30 dBZ)
Mullaitivu,Mullaitivu,2026-09-23 22:01:00Z,20.0,32.0,0.8,light (20-30 dBZ)
Mullaitivu,Mullaitivu,2026-09-24 07:01:00Z,22.7,64.0,0.8,light (20-30 dBZ)
Mullaitivu,Mullaitivu,2026-09-24 08:01:00Z,22.7,64.0,0.8,light (20-30 dBZ)
Mullaitivu,Mullaitivu,2026-09-24 09:01:00Z,22.7,64.0,0.8,light (20-30 dBZ)
Mullaitivu,Mullaitivu,2026-09-24 09:51:00Z,22.7,64.0,0.8,light (20-30 dBZ)
Mullaitivu,Mullaitivu,2026-09-24 11:01:00Z,22.7,64.0,0.8,light (20-30 dBZ)
Mullaitivu,Mullaitivu,2026-09-24 12:01:00Z,22.7,64.0,0.8,light (20-30 dBZ)
Mullaitivu,Mullaitivu,2026-09-27 10:02:23Z,36.0,44.0,0.8,moderate (30-40 dBZ)
Mullaitivu,Mullaitivu,2026-09-27 10:32:23Z,33.3,48.0,0.3,moderate (30-40 dBZ)
Mullaitivu,Mullaitivu,2026-09-27 12:02:22Z,22.7,4.0,2.4,light (20-30 dBZ)
Mullaitivu,Mullaitivu,2026-09-27 12:22:22Z,41.3,68.0,0.3,heavy (40-50 dBZ)
Mullaitivu,Mullaitivu,2026-09-27 12:32:23Z,36.0,52.0,1.1,moderate (30-40 dBZ)
Mullaitivu,Mullaitivu,2026-09-27 13:01:00Z,36.0,52.0,1.1,moderate (30-40 dBZ)
Mullaitivu,Mullaitivu,2026-09-28 10:52:23Z,36.0,12.0,2.1,moderate (30-40 dBZ)
Mullaitivu,Mullaitivu,2026-09-28 12:01:00Z,36.0,12.0,2.1,moderate (30-40 dBZ)
Mullaitivu,Mullaitivu,2026-09-28 12:02:23Z,28.0,92.0,0.3,light (20-30 dBZ)
Mullaitivu,Mullaitivu,2026-09-28 12:12:23Z,22.7,68.0,0.3,light (20-30 dBZ)
Mullaitivu,Mullaitivu,2026-09-28 12:52:22Z,20.0,12.0,0.8,light (20-30 dBZ)
Mullaitivu,Mullaitivu,2026-09-28 13:02:22Z,20.0,40.0,0.3,light (20-30 dBZ)
Mulliyawalai,Mullaitivu,2026-09-15 23:22:01Z,20.0,12.0,0.4,light (20-30 dBZ)
Mulliyawalai,Mullaitivu,2026-09-17 12:12:26Z,20.0,40.0,0.6,light (20-30 dBZ)
Mulliyawalai,Mullaitivu,2026-09-17 13:00:00Z,20.0,40.0,0.6,light (20-30 dBZ)
Mulliyawalai,Mullaitivu,2026-09-17 13:18:00Z,20.0,40.0,0.6,light (20-30 dBZ)
Mulliyawalai,Mullaitivu,2026-09-17 14:01:00Z,20.0,40.0,0.6,light (20-30 dBZ)
Mulliyawalai,Mullaitivu,2026-09-17 15:01:00Z,20.0,40.0,0.6,light (20-30 dBZ)
Mulliyawalai,Mullaitivu,2026-09-17 16:01:00Z,20.0,40.0,0.6,light (20-30 dBZ)
Mulliyawalai,Mullaitivu,2026-09-20 06:52:23Z,20.0,40.0,0.6,light (20-30 dBZ)
Mulliyawalai,Mullaitivu,2026-09-20 08:12:22Z,33.3,72.0,0.4,moderate (30-40 dBZ)
Mulliyawalai,Mullaitivu,2026-09-20 08:22:21Z,38.7,84.0,0.4,moderate (30-40 dBZ)
Mulliyawalai,Mullaitivu,2026-09-20 09:00:00Z,38.7,84.0,0.4,moderate (30-40 dBZ)
Mulliyawalai,Mullaitivu,2026-09-20 10:00:00Z,38.7,84.0,0.4,moderate (30-40 dBZ)
Mulliyawalai,Mullaitivu,2026-09-20 11:00:00Z,38.7,84.0,0.4,moderate (30-40 dBZ)
Mulliyawalai,Mullaitivu,2026-09-20 12:00:00Z,38.7,84.0,0.4,moderate (30-40 dBZ)
Mulliyawalai,Mullaitivu,2026-09-20 13:00:00Z,38.7,84.0,0.4,moderate (30-40 dBZ)
Mulliyawalai,Mullaitivu,2026-09-20 14:00:00Z,38.7,84.0,0.4,moderate (30-40 dBZ)
Mulliyawalai,Mullaitivu,2026-09-21 12:52:22Z,20.0,40.0,0.6,light (20-30 dBZ)
Mulliyawalai,Mullaitivu,2026-09-22 04:32:22Z,22.7,48.0,0.6,light (20-30 dBZ)
Mulliyawalai,Mullaitivu,2026-09-22 13:01:00Z,22.7,48.0,0.6,light (20-30 dBZ)
Mulliyawalai,Mullaitivu,2026-09-22 14:01:00Z,22.7,48.0,0.6,light (20-30 dBZ)
Mulliyawalai,Mullaitivu,2026-09-22 14:37:00Z,22.7,48.0,0.6,light (20-30 dBZ)
Mulliyawalai,Mullaitivu,2026-09-22 15:03:00Z,22.7,48.0,0.6,light (20-30 dBZ)
Mulliyawalai,Mullaitivu,2026-09-23 14:36:09Z,20.0,40.0,0.6,light (20-30 dBZ)
Mulliyawalai,Mullaitivu,2026-09-23 14:46:09Z,22.7,48.0,0.6,light (20-30 dBZ)
Mulliyawalai,Mullaitivu,2026-09-23 15:01:00Z,22.7,48.0,0.6,light (20-30 dBZ)
Mulliyawalai,Mullaitivu,2026-09-23 16:01:00Z,22.7,48.0,0.6,light (20-30 dBZ)
Mulliyawalai,Mullaitivu,2026-09-23 16:40:00Z,22.7,48.0,0.6,light (20-30 dBZ)
Mulliyawalai,Mullaitivu,2026-09-23 17:01:00Z,22.7,48.0,0.6,light (20-30 dBZ)
Mulliyawalai,Mullaitivu,2026-09-23 19:01:00Z,20.0,40.0,0.6,light (20-30 dBZ)
Mulliyawalai,Mullaitivu,2026-09-23 20:00:00Z,20.0,40.0,0.6,light (20-30 dBZ)
Mulliyawalai,Mullaitivu,2026-09-23 21:01:00Z,20.0,40.0,0.6,light (20-30 dBZ)
Mulliyawalai,Mullaitivu,2026-09-23 22:01:00Z,20.0,40.0,0.6,light (20-30 dBZ)
Mulliyawalai,Mullaitivu,2026-09-24 07:01:00Z,22.7,48.0,0.6,light (20-30 dBZ)
Mulliyawalai,Mullaitivu,2026-09-24 08:01:00Z,22.7,48.0,0.6,light (20-30 dBZ)
Mulliyawalai,Mullaitivu,2026-09-24 09:01:00Z,22.7,48.0,0.6,light (20-30 dBZ)
Mulliyawalai,Mullaitivu,2026-09-24 09:51:00Z,22.7,48.0,0.6,light (20-30 dBZ)
Mulliyawalai,Mullaitivu,2026-09-24 11:01:00Z,22.7,48.0,0.6,light (20-30 dBZ)
Mulliyawalai,Mullaitivu,2026-09-24 12:01:00Z,22.7,48.0,0.6,light (20-30 dBZ)
Mulliyawalai,Mullaitivu,2026-09-27 10:32:23Z,20.0,8.0,2.2,light (20-30 dBZ)
Mulliyawalai,Mullaitivu,2026-09-27 12:02:22Z,30.7,44.0,1.3,moderate (30-40 dBZ)
Mulliyawalai,Mullaitivu,2026-09-27 12:22:22Z,38.7,84.0,0.4,moderate (30-40 dBZ)
Mulliyawalai,Mullaitivu,2026-09-27 12:32:23Z,36.0,56.0,0.8,moderate (30-40 dBZ)
Mulliyawalai,Mullaitivu,2026-09-27 13:01:00Z,36.0,56.0,0.8,moderate (30-40 dBZ)
Mulliyawalai,Mullaitivu,2026-09-28 10:22:23Z,33.3,36.0,1.8,moderate (30-40 dBZ)
Mulliyawalai,Mullaitivu,2026-09-28 10:32:22Z,36.0,56.0,0.4,moderate (30-40 dBZ)
Mulliyawalai,Mullaitivu,2026-09-28 10:42:23Z,36.0,96.0,0.4,moderate (30-40 dBZ)
Mulliyawalai,Mullaitivu,2026-09-28 10:52:23Z,44.0,100.0,0.4,heavy (40-50 dBZ)
Mulliyawalai,Mullaitivu,2026-09-28 11:01:00Z,36.0,96.0,0.4,moderate (30-40 dBZ)
Mulliyawalai,Mullaitivu,2026-09-28 12:01:00Z,44.0,100.0,0.4,heavy (40-50 dBZ)
Mulliyawalai,Mullaitivu,2026-09-28 12:02:23Z,20.0,12.0,1.3,light (20-30 dBZ)
Mulliyawalai,Mullaitivu,2026-09-29 10:32:22Z,20.0,4.0,2.2,light (20-30 dBZ)
Mulliyawalai,Mullaitivu,2026-09-29 10:42:23Z,20.0,8.0,2.3,light (20-30 dBZ)
Mulliyawalai,Mullaitivu,2026-09-29 10:52:23Z,20.0,8.0,2.3,light (20-30 dBZ)
Mulliyawalai,Mullaitivu,2026-09-29 11:02:22Z,22.7,8.0,2.3,light (20-30 dBZ)
Murikandy,Kilinochchi,2026-09-15 08:42:49Z,33.3,40.0,0.9,moderate (30-40 dBZ)
Murikandy,Kilinochchi,2026-09-15 08:52:48Z,44.0,72.0,0.1,heavy (40-50 dBZ)
Murikandy,Kilinochchi,2026-09-15 09:00:00Z,33.3,40.0,0.9,moderate (30-40 dBZ)
Murikandy,Kilinochchi,2026-09-15 09:02:44Z,44.0,100.0,0.1,heavy (40-50 dBZ)
Murikandy,Kilinochchi,2026-09-15 10:05:00Z,44.0,100.0,0.1,heavy (40-50 dBZ)
Murikandy,Kilinochchi,2026-09-15 23:55:12Z,22.7,12.0,1.8,light (20-30 dBZ)
Murikandy,Kilinochchi,2026-09-16 00:10:00Z,22.7,12.0,1.8,light (20-30 dBZ)
Murikandy,Kilinochchi,2026-09-17 12:12:26Z,20.0,84.0,0.9,light (20-30 dBZ)
Murikandy,Kilinochchi,2026-09-17 13:00:00Z,20.0,84.0,0.9,light (20-30 dBZ)
Murikandy,Kilinochchi,2026-09-17 13:18:00Z,20.0,84.0,0.9,light (20-30 dBZ)
Murikandy,Kilinochchi,2026-09-17 14:01:00Z,20.0,84.0,0.9,light (20-30 dBZ)
Murikandy,Kilinochchi,2026-09-17 15:01:00Z,20.0,84.0,0.9,light (20-30 dBZ)
Murikandy,Kilinochchi,2026-09-17 16:01:00Z,20.0,84.0,0.9,light (20-30 dBZ)
Murikandy,Kilinochchi,2026-09-20 06:52:23Z,20.0,84.0,0.9,light (20-30 dBZ)
Murikandy,Kilinochchi,2026-09-21 12:52:22Z,20.0,84.0,0.9,light (20-30 dBZ)
Murikandy,Kilinochchi,2026-09-22 04:32:22Z,22.7,68.0,0.9,light (20-30 dBZ)
Murikandy,Kilinochchi,2026-09-22 13:01:00Z,22.7,68.0,0.9,light (20-30 dBZ)
Murikandy,Kilinochchi,2026-09-22 14:01:00Z,22.7,68.0,0.9,light (20-30 dBZ)
Murikandy,Kilinochchi,2026-09-22 14:37:00Z,22.7,68.0,0.9,light (20-30 dBZ)
Murikandy,Kilinochchi,2026-09-22 15:03:00Z,22.7,68.0,0.9,light (20-30 dBZ)
Murikandy,Kilinochchi,2026-09-23 14:36:09Z,20.0,84.0,0.9,light (20-30 dBZ)
Murikandy,Kilinochchi,2026-09-23 14:46:09Z,22.7,68.0,0.9,light (20-30 dBZ)
Murikandy,Kilinochchi,2026-09-23 15:01:00Z,22.7,68.0,0.9,light (20-30 dBZ)
Murikandy,Kilinochchi,2026-09-23 16:01:00Z,22.7,68.0,0.9,light (20-30 dBZ)
Murikandy,Kilinochchi,2026-09-23 16:40:00Z,22.7,68.0,0.9,light (20-30 dBZ)
Murikandy,Kilinochchi,2026-09-23 17:01:00Z,22.7,68.0,0.9,light (20-30 dBZ)
Murikandy,Kilinochchi,2026-09-23 19:01:00Z,20.0,84.0,0.9,light (20-30 dBZ)
Murikandy,Kilinochchi,2026-09-23 20:00:00Z,20.0,84.0,0.9,light (20-30 dBZ)
Murikandy,Kilinochchi,2026-09-23 21:01:00Z,20.0,84.0,0.9,light (20-30 dBZ)
Murikandy,Kilinochchi,2026-09-23 22:01:00Z,20.0,84.0,0.9,light (20-30 dBZ)
Murikandy,Kilinochchi,2026-09-24 07:01:00Z,22.7,68.0,0.9,light (20-30 dBZ)
Murikandy,Kilinochchi,2026-09-24 08:01:00Z,22.7,68.0,0.9,light (20-30 dBZ)
Murikandy,Kilinochchi,2026-09-24 09:01:00Z,22.7,68.0,0.9,light (20-30 dBZ)
Murikandy,Kilinochchi,2026-09-24 09:51:00Z,22.7,68.0,0.9,light (20-30 dBZ)
Murikandy,Kilinochchi,2026-09-24 11:01:00Z,22.7,68.0,0.9,light (20-30 dBZ)
Murikandy,Kilinochchi,2026-09-24 12:01:00Z,22.7,68.0,0.9,light (20-30 dBZ)
Murikandy,Kilinochchi,2026-09-30 08:42:22Z,20.0,4.0,2.7,light (20-30 dBZ)
Murikandy,Kilinochchi,2026-10-02 08:32:22Z,20.0,4.0,1.8,light (20-30 dBZ)
Murikandy,Kilinochchi,2026-10-02 09:02:23Z,30.7,36.0,0.1,moderate (30-40 dBZ)
Murikandy,Kilinochchi,2026-10-03 08:32:22Z,20.0,16.0,1.9,light (20-30 dBZ)
Murikandy,Kilinochchi,2026-10-03 08:42:23Z,28.0,48.0,0.1,light (20-30 dBZ)
Murikandy,Kilinochchi,2026-10-03 08:52:22Z,33.3,88.0,0.1,moderate (30-40 dBZ)
Murikandy,Kilinochchi,2026-10-03 09:02:22Z,41.3,88.0,0.9,heavy (40-50 dBZ)
Murikandy,Kilinochchi,2026-10-04 06:42:22Z,20.0,32.0,0.0,light (20-30 dBZ)
Muthuiyankaddu,Mullaitivu,2026-09-15 08:02:30Z,33.3,48.0,0.7,moderate (30-40 dBZ)
Muthuiyankaddu,Mullaitivu,2026-09-15 08:22:48Z,44.0,84.0,0.4,heavy (40-50 dBZ)
Muthuiyankaddu,Mullaitivu,2026-09-15 08:32:28Z,38.7,64.0,0.4,moderate (30-40 dBZ)
Muthuiyankaddu,Mullaitivu,2026-09-15 08:42:49Z,38.7,80.0,0.4,moderate (30-40 dBZ)
Muthuiyankaddu,Mullaitivu,2026-09-15 08:52:48Z,44.0,84.0,0.4,heavy (40-50 dBZ)
Muthuiyankaddu,Mullaitivu,2026-09-15 09:00:00Z,38.7,80.0,0.4,moderate (30-40 dBZ)
Muthuiyankaddu,Mullaitivu,2026-09-15 09:02:44Z,30.7,8.0,2.3,moderate (30-40 dBZ)
Muthuiyankaddu,Mullaitivu,2026-09-15 10:05:00Z,30.7,8.0,2.3,moderate (30-40 dBZ)
Muthuiyankaddu,Mullaitivu,2026-09-17 12:12:26Z,20.0,88.0,0.4,light (20-30 dBZ)
Muthuiyankaddu,Mullaitivu,2026-09-17 13:00:00Z,20.0,88.0,0.4,light (20-30 dBZ)
Muthuiyankaddu,Mullaitivu,2026-09-17 13:18:00Z,20.0,88.0,0.4,light (20-30 dBZ)
Muthuiyankaddu,Mullaitivu,2026-09-17 14:01:00Z,20.0,88.0,0.4,light (20-30 dBZ)
Muthuiyankaddu,Mullaitivu,2026-09-17 15:01:00Z,20.0,88.0,0.4,light (20-30 dBZ)
Muthuiyankaddu,Mullaitivu,2026-09-17 16:01:00Z,20.0,88.0,0.4,light (20-30 dBZ)
Muthuiyankaddu,Mullaitivu,2026-09-20 06:52:23Z,20.0,88.0,0.4,light (20-30 dBZ)
Muthuiyankaddu,Mullaitivu,2026-09-21 12:52:22Z,20.0,96.0,0.4,light (20-30 dBZ)
Muthuiyankaddu,Mullaitivu,2026-09-22 04:32:22Z,30.7,76.0,0.7,moderate (30-40 dBZ)
Muthuiyankaddu,Mullaitivu,2026-09-22 13:01:00Z,30.7,76.0,0.7,moderate (30-40 dBZ)
Muthuiyankaddu,Mullaitivu,2026-09-22 14:01:00Z,30.7,76.0,0.7,moderate (30-40 dBZ)
Muthuiyankaddu,Mullaitivu,2026-09-22 14:37:00Z,30.7,76.0,0.7,moderate (30-40 dBZ)
Muthuiyankaddu,Mullaitivu,2026-09-22 15:03:00Z,30.7,76.0,0.7,moderate (30-40 dBZ)
Muthuiyankaddu,Mullaitivu,2026-09-23 14:36:09Z,20.0,88.0,0.4,light (20-30 dBZ)
Muthuiyankaddu,Mullaitivu,2026-09-23 14:46:09Z,30.7,76.0,0.7,moderate (30-40 dBZ)
Muthuiyankaddu,Mullaitivu,2026-09-23 15:01:00Z,30.7,76.0,0.7,moderate (30-40 dBZ)
Muthuiyankaddu,Mullaitivu,2026-09-23 16:01:00Z,30.7,76.0,0.7,moderate (30-40 dBZ)
Muthuiyankaddu,Mullaitivu,2026-09-23 16:40:00Z,30.7,76.0,0.7,moderate (30-40 dBZ)
Muthuiyankaddu,Mullaitivu,2026-09-23 17:01:00Z,30.7,76.0,0.7,moderate (30-40 dBZ)
Muthuiyankaddu,Mullaitivu,2026-09-23 19:01:00Z,20.0,88.0,0.4,light (20-30 dBZ)
Muthuiyankaddu,Mullaitivu,2026-09-23 20:00:00Z,20.0,88.0,0.4,light (20-30 dBZ)
Muthuiyankaddu,Mullaitivu,2026-09-23 21:01:00Z,20.0,88.0,0.4,light (20-30 dBZ)
Muthuiyankaddu,Mullaitivu,2026-09-23 22:01:00Z,20.0,88.0,0.4,light (20-30 dBZ)
Muthuiyankaddu,Mullaitivu,2026-09-24 07:01:00Z,30.7,76.0,0.7,moderate (30-40 dBZ)
Muthuiyankaddu,Mullaitivu,2026-09-24 08:01:00Z,30.7,76.0,0.7,moderate (30-40 dBZ)
Muthuiyankaddu,Mullaitivu,2026-09-24 09:01:00Z,30.7,76.0,0.7,moderate (30-40 dBZ)
Muthuiyankaddu,Mullaitivu,2026-09-24 09:51:00Z,30.7,76.0,0.7,moderate (30-40 dBZ)
Muthuiyankaddu,Mullaitivu,2026-09-24 11:01:00Z,30.7,76.0,0.7,moderate (30-40 dBZ)
Muthuiyankaddu,Mullaitivu,2026-09-24 12:01:00Z,30.7,76.0,0.7,moderate (30-40 dBZ)
Muthuiyankaddu,Mullaitivu,2026-09-28 09:02:22Z,25.3,12.0,1.6,light (20-30 dBZ)
Muthuiyankaddu,Mullaitivu,2026-09-28 10:01:00Z,25.3,12.0,1.6,light (20-30 dBZ)
Muthuiyankaddu,Mullaitivu,2026-09-30 08:42:22Z,36.0,32.0,0.7,moderate (30-40 dBZ)
Muthuiyankaddu,Mullaitivu,2026-09-30 08:52:22Z,46.7,88.0,0.4,heavy (40-50 dBZ)
Muthuiyankaddu,Mullaitivu,2026-09-30 09:02:22Z,44.0,100.0,0.4,heavy (40-50 dBZ)
Muthuiyankaddu,Mullaitivu,2026-10-04 08:02:26Z,44.0,52.0,0.4,heavy (40-50 dBZ)
Muthuiyankaddu,Mullaitivu,2026-10-04 08:22:27Z,30.7,64.0,0.4,moderate (30-40 dBZ)
Muthuiyankaddu,Mullaitivu,2026-10-04 08:32:27Z,33.3,44.0,0.7,moderate (30-40 dBZ)
Nachchikuda,Kilinochchi,2026-09-17 12:12:26Z,25.3,80.0,0.1,light (20-30 dBZ)
Nachchikuda,Kilinochchi,2026-09-17 13:00:00Z,25.3,80.0,0.1,light (20-30 dBZ)
Nachchikuda,Kilinochchi,2026-09-17 13:18:00Z,25.3,80.0,0.1,light (20-30 dBZ)
Nachchikuda,Kilinochchi,2026-09-17 14:01:00Z,25.3,80.0,0.1,light (20-30 dBZ)
Nachchikuda,Kilinochchi,2026-09-17 15:01:00Z,25.3,80.0,0.1,light (20-30 dBZ)
Nachchikuda,Kilinochchi,2026-09-17 16:01:00Z,25.3,80.0,0.1,light (20-30 dBZ)
Nachchikuda,Kilinochchi,2026-09-20 06:52:23Z,25.3,80.0,0.1,light (20-30 dBZ)
Nachchikuda,Kilinochchi,2026-09-21 12:52:22Z,25.3,80.0,0.1,light (20-30 dBZ)
Nachchikuda,Kilinochchi,2026-09-22 04:32:22Z,22.7,60.0,0.9,light (20-30 dBZ)
Nachchikuda,Kilinochchi,2026-09-22 13:01:00Z,22.7,60.0,0.9,light (20-30 dBZ)
Nachchikuda,Kilinochchi,2026-09-22 14:01:00Z,22.7,60.0,0.9,light (20-30 dBZ)
Nachchikuda,Kilinochchi,2026-09-22 14:37:00Z,22.7,60.0,0.9,light (20-30 dBZ)
Nachchikuda,Kilinochchi,2026-09-22 15:03:00Z,22.7,60.0,0.9,light (20-30 dBZ)
Nachchikuda,Kilinochchi,2026-09-22 15:46:05Z,20.0,4.0,2.1,light (20-30 dBZ)
Nachchikuda,Kilinochchi,2026-09-22 16:01:00Z,20.0,4.0,2.1,light (20-30 dBZ)
Nachchikuda,Kilinochchi,2026-09-23 14:36:09Z,25.3,80.0,0.1,light (20-30 dBZ)
Nachchikuda,Kilinochchi,2026-09-23 14:46:09Z,22.7,60.0,0.9,light (20-30 dBZ)
Nachchikuda,Kilinochchi,2026-09-23 15:01:00Z,22.7,60.0,0.9,light (20-30 dBZ)
Nachchikuda,Kilinochchi,2026-09-23 16:01:00Z,22.7,60.0,0.9,light (20-30 dBZ)
Nachchikuda,Kilinochchi,2026-09-23 16:40:00Z,22.7,60.0,0.9,light (20-30 dBZ)
Nachchikuda,Kilinochchi,2026-09-23 17:01:00Z,22.7,60.0,0.9,light (20-30 dBZ)
Nachchikuda,Kilinochchi,2026-09-23 18:36:42Z,20.0,4.0,2.1,light (20-30 dBZ)
Nachchikuda,Kilinochchi,2026-09-23 19:01:00Z,25.3,80.0,0.1,light (20-30 dBZ)
Nachchikuda,Kilinochchi,2026-09-23 20:00:00Z,25.3,80.0,0.1,light (20-30 dBZ)
Nachchikuda,Kilinochchi,2026-09-23 21:01:00Z,25.3,80.0,0.1,light (20-30 dBZ)
Nachchikuda,Kilinochchi,2026-09-23 22:01:00Z,25.3,80.0,0.1,light (20-30 dBZ)
Nachchikuda,Kilinochchi,2026-09-24 07:01:00Z,22.7,60.0,0.9,light (20-30 dBZ)
Nachchikuda,Kilinochchi,2026-09-24 08:01:00Z,22.7,60.0,0.9,light (20-30 dBZ)
Nachchikuda,Kilinochchi,2026-09-24 09:01:00Z,22.7,60.0,0.9,light (20-30 dBZ)
Nachchikuda,Kilinochchi,2026-09-24 09:51:00Z,22.7,60.0,0.9,light (20-30 dBZ)
Nachchikuda,Kilinochchi,2026-09-24 11:01:00Z,22.7,60.0,0.9,light (20-30 dBZ)
Nachchikuda,Kilinochchi,2026-09-24 12:01:00Z,22.7,60.0,0.9,light (20-30 dBZ)
Nachchikuda,Kilinochchi,2026-09-24 13:01:00Z,20.0,4.0,2.1,light (20-30 dBZ)
Nachchikuda,Kilinochchi,2026-09-24 18:59:00Z,20.0,4.0,2.1,light (20-30 dBZ)
Nachchikuda,Kilinochchi,2026-09-24 19:01:00Z,20.0,4.0,2.1,light (20-30 dBZ)
Nachchikuda,Kilinochchi,2026-09-26 02:42:22Z,20.0,4.0,2.1,light (20-30 dBZ)
Nachchikuda,Kilinochchi,2026-10-01 10:12:23Z,22.7,24.0,0.9,light (20-30 dBZ)
Nachchikuda,Kilinochchi,2026-10-01 11:12:23Z,28.0,40.0,1.0,light (20-30 dBZ)
Nachchikuda,Kilinochchi,2026-10-01 12:02:23Z,33.3,100.0,0.1,moderate (30-40 dBZ)
Nachchikuda,Kilinochchi,2026-10-02 08:02:22Z,22.7,40.0,0.1,light (20-30 dBZ)
Nachchikuda,Kilinochchi,2026-10-02 08:12:23Z,30.7,28.0,1.4,moderate (30-40 dBZ)
Nachchikuda,Kilinochchi,2026-10-03 16:12:23Z,20.0,28.0,0.1,light (20-30 dBZ)
Nachchikuda,Kilinochchi,2026-10-03 16:22:23Z,20.0,8.0,1.5,light (20-30 dBZ)
Nachchikuda,Kilinochchi,2026-10-03 16:32:22Z,22.7,16.0,1.5,light (20-30 dBZ)
Nachchikuda,Kilinochchi,2026-10-03 16:52:22Z,20.0,8.0,1.4,light (20-30 dBZ)
Nachchikuda,Kilinochchi,2026-10-03 17:02:22Z,20.0,12.0,0.3,light (20-30 dBZ)
Nachchikuda,Kilinochchi,2026-10-03 17:12:22Z,25.3,28.0,0.8,light (20-30 dBZ)
Nainativu,Jaffna,2026-09-14 20:14:11Z,28.0,8.0,2.0,light (20-30 dBZ)
Nainativu,Jaffna,2026-09-14 20:23:06Z,33.3,8.0,2.0,moderate (30-40 dBZ)
Nainativu,Jaffna,2026-09-14 20:32:30Z,22.7,12.0,1.9,light (20-30 dBZ)
Nainativu,Jaffna,2026-09-14 20:42:28Z,25.3,4.0,2.5,light (20-30 dBZ)
Nainativu,Jaffna,2026-09-14 21:00:00Z,25.3,4.0,2.5,light (20-30 dBZ)
Nainativu,Jaffna,2026-09-17 12:12:26Z,25.3,96.0,0.3,light (20-30 dBZ)
Nainativu,Jaffna,2026-09-17 13:00:00Z,25.3,96.0,0.3,light (20-30 dBZ)
Nainativu,Jaffna,2026-09-17 13:18:00Z,25.3,96.0,0.3,light (20-30 dBZ)
Nainativu,Jaffna,2026-09-17 14:01:00Z,25.3,96.0,0.3,light (20-30 dBZ)
Nainativu,Jaffna,2026-09-17 15:01:00Z,25.3,96.0,0.3,light (20-30 dBZ)
Nainativu,Jaffna,2026-09-17 16:01:00Z,25.3,96.0,0.3,light (20-30 dBZ)
Nainativu,Jaffna,2026-09-20 06:52:23Z,25.3,96.0,0.3,light (20-30 dBZ)
Nainativu,Jaffna,2026-09-21 12:52:22Z,25.3,96.0,0.3,light (20-30 dBZ)
Nainativu,Jaffna,2026-09-22 04:32:22Z,25.3,84.0,0.3,light (20-30 dBZ)
Nainativu,Jaffna,2026-09-22 13:01:00Z,25.3,84.0,0.3,light (20-30 dBZ)
Nainativu,Jaffna,2026-09-22 14:01:00Z,25.3,84.0,0.3,light (20-30 dBZ)
Nainativu,Jaffna,2026-09-22 14:37:00Z,25.3,84.0,0.3,light (20-30 dBZ)
Nainativu,Jaffna,2026-09-22 15:03:00Z,25.3,84.0,0.3,light (20-30 dBZ)
Nainativu,Jaffna,2026-09-22 15:46:05Z,20.0,4.0,0.9,light (20-30 dBZ)
Nainativu,Jaffna,2026-09-22 16:01:00Z,20.0,4.0,0.9,light (20-30 dBZ)
Nainativu,Jaffna,2026-09-23 14:36:09Z,25.3,96.0,0.3,light (20-30 dBZ)
Nainativu,Jaffna,2026-09-23 14:46:09Z,25.3,84.0,0.3,light (20-30 dBZ)
Nainativu,Jaffna,2026-09-23 15:01:00Z,25.3,84.0,0.3,light (20-30 dBZ)
Nainativu,Jaffna,2026-09-23 16:01:00Z,25.3,84.0,0.3,light (20-30 dBZ)
Nainativu,Jaffna,2026-09-23 16:40:00Z,25.3,84.0,0.3,light (20-30 dBZ)
Nainativu,Jaffna,2026-09-23 17:01:00Z,25.3,84.0,0.3,light (20-30 dBZ)
Nainativu,Jaffna,2026-09-23 18:36:42Z,20.0,4.0,0.9,light (20-30 dBZ)
Nainativu,Jaffna,2026-09-23 19:01:00Z,25.3,96.0,0.3,light (20-30 dBZ)
Nainativu,Jaffna,2026-09-23 20:00:00Z,25.3,96.0,0.3,light (20-30 dBZ)
Nainativu,Jaffna,2026-09-23 21:01:00Z,25.3,96.0,0.3,light (20-30 dBZ)
Nainativu,Jaffna,2026-09-23 22:01:00Z,25.3,96.0,0.3,light (20-30 dBZ)
Nainativu,Jaffna,2026-09-24 07:01:00Z,25.3,84.0,0.3,light (20-30 dBZ)
Nainativu,Jaffna,2026-09-24 08:01:00Z,25.3,84.0,0.3,light (20-30 dBZ)
Nainativu,Jaffna,2026-09-24 09:01:00Z,25.3,84.0,0.3,light (20-30 dBZ)
Nainativu,Jaffna,2026-09-24 09:51:00Z,25.3,84.0,0.3,light (20-30 dBZ)
Nainativu,Jaffna,2026-09-24 11:01:00Z,25.3,84.0,0.3,light (20-30 dBZ)
Nainativu,Jaffna,2026-09-24 12:01:00Z,25.3,84.0,0.3,light (20-30 dBZ)
Nainativu,Jaffna,2026-09-24 13:01:00Z,20.0,4.0,0.9,light (20-30 dBZ)
Nainativu,Jaffna,2026-09-24 18:59:00Z,20.0,4.0,0.9,light (20-30 dBZ)
Nainativu,Jaffna,2026-09-24 19:01:00Z,20.0,4.0,0.9,light (20-30 dBZ)
Nainativu,Jaffna,2026-09-26 02:42:22Z,20.0,4.0,0.9,light (20-30 dBZ)
Nainativu,Jaffna,2026-10-01 18:42:23Z,20.0,32.0,0.3,light (20-30 dBZ)
Nainativu,Jaffna,2026-10-01 18:52:23Z,25.3,20.0,1.9,light (20-30 dBZ)
Nainativu,Jaffna,2026-10-01 19:02:22Z,22.7,24.0,0.3,light (20-30 dBZ)
Nainativu,Jaffna,2026-10-03 18:22:23Z,25.3,20.0,1.9,light (20-30 dBZ)
Nainativu,Jaffna,2026-10-03 18:32:23Z,25.3,24.0,1.2,light (20-30 dBZ)
Nallur,Jaffna,2026-09-15 12:42:27Z,20.0,8.0,2.2,light (20-30 dBZ)
Nallur,Jaffna,2026-09-15 13:00:00Z,20.0,8.0,2.2,light (20-30 dBZ)
Nallur,Jaffna,2026-09-17 12:12:26Z,25.3,96.0,0.2,light (20-30 dBZ)
Nallur,Jaffna,2026-09-17 13:00:00Z,25.3,96.0,0.2,light (20-30 dBZ)
Nallur,Jaffna,2026-09-17 13:18:00Z,25.3,96.0,0.2,light (20-30 dBZ)
Nallur,Jaffna,2026-09-17 14:01:00Z,25.3,96.0,0.2,light (20-30 dBZ)
Nallur,Jaffna,2026-09-17 15:01:00Z,25.3,96.0,0.2,light (20-30 dBZ)
Nallur,Jaffna,2026-09-17 16:01:00Z,25.3,96.0,0.2,light (20-30 dBZ)
Nallur,Jaffna,2026-09-20 06:52:23Z,25.3,96.0,0.2,light (20-30 dBZ)
Nallur,Jaffna,2026-09-21 12:52:22Z,25.3,96.0,0.2,light (20-30 dBZ)
Nallur,Jaffna,2026-09-22 04:32:22Z,25.3,92.0,0.2,light (20-30 dBZ)
Nallur,Jaffna,2026-09-22 13:01:00Z,25.3,92.0,0.2,light (20-30 dBZ)
Nallur,Jaffna,2026-09-22 14:01:00Z,25.3,92.0,0.2,light (20-30 dBZ)
Nallur,Jaffna,2026-09-22 14:37:00Z,25.3,92.0,0.2,light (20-30 dBZ)
Nallur,Jaffna,2026-09-22 15:03:00Z,25.3,92.0,0.2,light (20-30 dBZ)
Nallur,Jaffna,2026-09-22 15:46:05Z,20.0,4.0,1.4,light (20-30 dBZ)
Nallur,Jaffna,2026-09-22 16:01:00Z,20.0,4.0,1.4,light (20-30 dBZ)
Nallur,Jaffna,2026-09-23 14:36:09Z,25.3,96.0,0.2,light (20-30 dBZ)
Nallur,Jaffna,2026-09-23 14:46:09Z,25.3,92.0,0.2,light (20-30 dBZ)
Nallur,Jaffna,2026-09-23 15:01:00Z,25.3,92.0,0.2,light (20-30 dBZ)
Nallur,Jaffna,2026-09-23 16:01:00Z,25.3,92.0,0.2,light (20-30 dBZ)
Nallur,Jaffna,2026-09-23 16:40:00Z,25.3,92.0,0.2,light (20-30 dBZ)
Nallur,Jaffna,2026-09-23 17:01:00Z,25.3,92.0,0.2,light (20-30 dBZ)
Nallur,Jaffna,2026-09-23 18:36:42Z,20.0,4.0,1.4,light (20-30 dBZ)
Nallur,Jaffna,2026-09-23 19:01:00Z,25.3,96.0,0.2,light (20-30 dBZ)
Nallur,Jaffna,2026-09-23 20:00:00Z,25.3,96.0,0.2,light (20-30 dBZ)
Nallur,Jaffna,2026-09-23 21:01:00Z,25.3,96.0,0.2,light (20-30 dBZ)
Nallur,Jaffna,2026-09-23 22:01:00Z,25.3,96.0,0.2,light (20-30 dBZ)
Nallur,Jaffna,2026-09-24 07:01:00Z,25.3,92.0,0.2,light (20-30 dBZ)
Nallur,Jaffna,2026-09-24 08:01:00Z,25.3,92.0,0.2,light (20-30 dBZ)
Nallur,Jaffna,2026-09-24 09:01:00Z,25.3,92.0,0.2,light (20-30 dBZ)
Nallur,Jaffna,2026-09-24 09:51:00Z,25.3,92.0,0.2,light (20-30 dBZ)
Nallur,Jaffna,2026-09-24 11:01:00Z,25.3,92.0,0.2,light (20-30 dBZ)
Nallur,Jaffna,2026-09-24 12:01:00Z,25.3,92.0,0.2,light (20-30 dBZ)
Nallur,Jaffna,2026-09-24 13:01:00Z,20.0,4.0,1.4,light (20-30 dBZ)
Nallur,Jaffna,2026-09-24 18:59:00Z,20.0,4.0,1.4,light (20-30 dBZ)
Nallur,Jaffna,2026-09-24 19:01:00Z,20.0,4.0,1.4,light (20-30 dBZ)
Nallur,Jaffna,2026-09-26 02:42:22Z,20.0,4.0,1.4,light (20-30 dBZ)
Nallur,Jaffna,2026-10-03 17:42:22Z,20.0,32.0,0.8,light (20-30 dBZ)
Nallur,Jaffna,2026-10-03 17:52:22Z,30.7,40.0,0.8,moderate (30-40 dBZ)
Nallur,Jaffna,2026-10-03 18:02:23Z,20.0,20.0,0.2,light (20-30 dBZ)
Navaly,Jaffna,2026-09-17 12:12:26Z,25.3,84.0,0.5,light (20-30 dBZ)
Navaly,Jaffna,2026-09-17 13:00:00Z,25.3,84.0,0.5,light (20-30 dBZ)
Navaly,Jaffna,2026-09-17 13:18:00Z,25.3,84.0,0.5,light (20-30 dBZ)
Navaly,Jaffna,2026-09-17 14:01:00Z,25.3,84.0,0.5,light (20-30 dBZ)
Navaly,Jaffna,2026-09-17 15:01:00Z,25.3,84.0,0.5,light (20-30 dBZ)
Navaly,Jaffna,2026-09-17 16:01:00Z,25.3,84.0,0.5,light (20-30 dBZ)
Navaly,Jaffna,2026-09-20 06:52:23Z,25.3,84.0,0.5,light (20-30 dBZ)
Navaly,Jaffna,2026-09-21 12:52:22Z,25.3,100.0,0.5,light (20-30 dBZ)
Navaly,Jaffna,2026-09-22 04:32:22Z,25.3,92.0,0.5,light (20-30 dBZ)
Navaly,Jaffna,2026-09-22 13:01:00Z,25.3,92.0,0.5,light (20-30 dBZ)
Navaly,Jaffna,2026-09-22 14:01:00Z,25.3,92.0,0.5,light (20-30 dBZ)
Navaly,Jaffna,2026-09-22 14:37:00Z,25.3,92.0,0.5,light (20-30 dBZ)
Navaly,Jaffna,2026-09-22 15:03:00Z,25.3,92.0,0.5,light (20-30 dBZ)
Navaly,Jaffna,2026-09-22 15:46:05Z,28.0,20.0,1.5,light (20-30 dBZ)
Navaly,Jaffna,2026-09-22 16:01:00Z,28.0,20.0,1.5,light (20-30 dBZ)
Navaly,Jaffna,2026-09-23 14:36:09Z,25.3,84.0,0.5,light (20-30 dBZ)
Navaly,Jaffna,2026-09-23 14:46:09Z,25.3,92.0,0.5,light (20-30 dBZ)
Navaly,Jaffna,2026-09-23 15:01:00Z,25.3,92.0,0.5,light (20-30 dBZ)
Navaly,Jaffna,2026-09-23 16:01:00Z,25.3,92.0,0.5,light (20-30 dBZ)
Navaly,Jaffna,2026-09-23 16:40:00Z,25.3,92.0,0.5,light (20-30 dBZ)
Navaly,Jaffna,2026-09-23 17:01:00Z,25.3,92.0,0.5,light (20-30 dBZ)
Navaly,Jaffna,2026-09-23 18:36:42Z,28.0,20.0,1.5,light (20-30 dBZ)
Navaly,Jaffna,2026-09-23 19:01:00Z,25.3,84.0,0.5,light (20-30 dBZ)
Navaly,Jaffna,2026-09-23 20:00:00Z,25.3,84.0,0.5,light (20-30 dBZ)
Navaly,Jaffna,2026-09-23 21:01:00Z,25.3,84.0,0.5,light (20-30 dBZ)
Navaly,Jaffna,2026-09-23 22:01:00Z,25.3,84.0,0.5,light (20-30 dBZ)
Navaly,Jaffna,2026-09-24 07:01:00Z,25.3,92.0,0.5,light (20-30 dBZ)
Navaly,Jaffna,2026-09-24 08:01:00Z,25.3,92.0,0.5,light (20-30 dBZ)
Navaly,Jaffna,2026-09-24 09:01:00Z,25.3,92.0,0.5,light (20-30 dBZ)
Navaly,Jaffna,2026-09-24 09:51:00Z,25.3,92.0,0.5,light (20-30 dBZ)
Navaly,Jaffna,2026-09-24 11:01:00Z,25.3,92.0,0.5,light (20-30 dBZ)
Navaly,Jaffna,2026-09-24 12:01:00Z,25.3,92.0,0.5,light (20-30 dBZ)
Navaly,Jaffna,2026-09-24 13:01:00Z,28.0,20.0,1.5,light (20-30 dBZ)
Navaly,Jaffna,2026-09-24 18:59:00Z,28.0,20.0,1.5,light (20-30 dBZ)
Navaly,Jaffna,2026-09-24 19:01:00Z,28.0,20.0,1.5,light (20-30 dBZ)
Navaly,Jaffna,2026-09-26 02:42:22Z,28.0,20.0,1.5,light (20-30 dBZ)
Navaly,Jaffna,2026-10-02 07:02:25Z,20.0,24.0,1.0,light (20-30 dBZ)
Navaly,Jaffna,2026-10-03 10:12:22Z,41.3,16.0,1.6,heavy (40-50 dBZ)
Navaly,Jaffna,2026-10-04 08:02:26Z,28.0,28.0,1.5,light (20-30 dBZ)
Navaly,Jaffna,2026-10-04 08:22:27Z,30.7,12.0,1.9,moderate (30-40 dBZ)
Navaly,Jaffna,2026-10-04 08:32:27Z,22.7,20.0,1.9,light (20-30 dBZ)
Navatkuli,Jaffna,2026-09-17 12:12:26Z,25.3,84.0,0.2,light (20-30 dBZ)
Navatkuli,Jaffna,2026-09-17 13:00:00Z,25.3,84.0,0.2,light (20-30 dBZ)
Navatkuli,Jaffna,2026-09-17 13:18:00Z,25.3,84.0,0.2,light (20-30 dBZ)
Navatkuli,Jaffna,2026-09-17 14:01:00Z,25.3,84.0,0.2,light (20-30 dBZ)
Navatkuli,Jaffna,2026-09-17 15:01:00Z,25.3,84.0,0.2,light (20-30 dBZ)
Navatkuli,Jaffna,2026-09-17 16:01:00Z,25.3,84.0,0.2,light (20-30 dBZ)
Navatkuli,Jaffna,2026-09-20 06:52:23Z,25.3,84.0,0.2,light (20-30 dBZ)
Navatkuli,Jaffna,2026-09-21 12:52:22Z,25.3,84.0,0.2,light (20-30 dBZ)
Navatkuli,Jaffna,2026-09-22 04:32:22Z,25.3,80.0,0.2,light (20-30 dBZ)
Navatkuli,Jaffna,2026-09-22 13:01:00Z,25.3,80.0,0.2,light (20-30 dBZ)
Navatkuli,Jaffna,2026-09-22 14:01:00Z,25.3,80.0,0.2,light (20-30 dBZ)
Navatkuli,Jaffna,2026-09-22 14:37:00Z,25.3,80.0,0.2,light (20-30 dBZ)
Navatkuli,Jaffna,2026-09-22 15:03:00Z,25.3,80.0,0.2,light (20-30 dBZ)
Navatkuli,Jaffna,2026-09-22 15:46:05Z,20.0,8.0,2.0,light (20-30 dBZ)
Navatkuli,Jaffna,2026-09-22 16:01:00Z,20.0,8.0,2.0,light (20-30 dBZ)
Navatkuli,Jaffna,2026-09-23 14:36:09Z,25.3,84.0,0.2,light (20-30 dBZ)
Navatkuli,Jaffna,2026-09-23 14:46:09Z,25.3,80.0,0.2,light (20-30 dBZ)
Navatkuli,Jaffna,2026-09-23 15:01:00Z,25.3,80.0,0.2,light (20-30 dBZ)
Navatkuli,Jaffna,2026-09-23 16:01:00Z,25.3,80.0,0.2,light (20-30 dBZ)
Navatkuli,Jaffna,2026-09-23 16:40:00Z,25.3,80.0,0.2,light (20-30 dBZ)
Navatkuli,Jaffna,2026-09-23 17:01:00Z,25.3,80.0,0.2,light (20-30 dBZ)
Navatkuli,Jaffna,2026-09-23 18:36:42Z,20.0,8.0,2.0,light (20-30 dBZ)
Navatkuli,Jaffna,2026-09-23 19:01:00Z,25.3,84.0,0.2,light (20-30 dBZ)
Navatkuli,Jaffna,2026-09-23 20:00:00Z,25.3,84.0,0.2,light (20-30 dBZ)
Navatkuli,Jaffna,2026-09-23 21:01:00Z,25.3,84.0,0.2,light (20-30 dBZ)
Navatkuli,Jaffna,2026-09-23 22:01:00Z,25.3,84.0,0.2,light (20-30 dBZ)
Navatkuli,Jaffna,2026-09-24 07:01:00Z,25.3,80.0,0.2,light (20-30 dBZ)
Navatkuli,Jaffna,2026-09-24 08:01:00Z,25.3,80.0,0.2,light (20-30 dBZ)
Navatkuli,Jaffna,2026-09-24 09:01:00Z,25.3,80.0,0.2,light (20-30 dBZ)
Navatkuli,Jaffna,2026-09-24 09:51:00Z,25.3,80.0,0.2,light (20-30 dBZ)
Navatkuli,Jaffna,2026-09-24 11:01:00Z,25.3,80.0,0.2,light (20-30 dBZ)
Navatkuli,Jaffna,2026-09-24 12:01:00Z,25.3,80.0,0.2,light (20-30 dBZ)
Navatkuli,Jaffna,2026-09-24 13:01:00Z,20.0,8.0,2.0,light (20-30 dBZ)
Navatkuli,Jaffna,2026-09-24 18:59:00Z,20.0,8.0,2.0,light (20-30 dBZ)
Navatkuli,Jaffna,2026-09-24 19:01:00Z,20.0,8.0,2.0,light (20-30 dBZ)
Navatkuli,Jaffna,2026-09-26 02:42:22Z,20.0,8.0,2.0,light (20-30 dBZ)
Navatkuli,Jaffna,2026-09-29 16:52:23Z,20.0,8.0,1.7,light (20-30 dBZ)
Navatkuli,Jaffna,2026-10-01 08:12:24Z,20.0,20.0,2.1,light (20-30 dBZ)
Navatkuli,Jaffna,2026-10-01 10:52:22Z,22.7,8.0,2.0,light (20-30 dBZ)
Navatkuli,Jaffna,2026-10-01 11:12:23Z,28.0,8.0,1.7,light (20-30 dBZ)
Navatkuli,Jaffna,2026-10-03 17:12:22Z,20.0,4.0,2.6,light (20-30 dBZ)
Navatkuli,Jaffna,2026-10-03 17:22:22Z,22.7,20.0,1.2,light (20-30 dBZ)
Navatkuli,Jaffna,2026-10-03 17:42:22Z,28.0,44.0,0.2,light (20-30 dBZ)
Navatkuli,Jaffna,2026-10-03 17:52:22Z,22.7,16.0,1.9,light (20-30 dBZ)
Navatkuli,Jaffna,2026-10-03 18:02:23Z,20.0,4.0,2.6,light (20-30 dBZ)
Nayaru,Mullaitivu,2026-09-15 20:55:08Z,20.0,4.0,2.0,light (20-30 dBZ)
Nayaru,Mullaitivu,2026-09-15 23:32:38Z,20.0,16.0,0.3,light (20-30 dBZ)
Nayaru,Mullaitivu,2026-09-16 00:00:00Z,20.0,16.0,0.3,light (20-30 dBZ)
Nayaru,Mullaitivu,2026-09-17 12:12:26Z,36.0,100.0,0.3,moderate (30-40 dBZ)
Nayaru,Mullaitivu,2026-09-17 13:00:00Z,36.0,100.0,0.3,moderate (30-40 dBZ)
Nayaru,Mullaitivu,2026-09-17 13:18:00Z,36.0,100.0,0.3,moderate (30-40 dBZ)
Nayaru,Mullaitivu,2026-09-17 14:01:00Z,36.0,100.0,0.3,moderate (30-40 dBZ)
Nayaru,Mullaitivu,2026-09-17 15:01:00Z,36.0,100.0,0.3,moderate (30-40 dBZ)
Nayaru,Mullaitivu,2026-09-17 16:01:00Z,36.0,100.0,0.3,moderate (30-40 dBZ)
Nayaru,Mullaitivu,2026-09-20 06:52:23Z,36.0,100.0,0.3,moderate (30-40 dBZ)
Nayaru,Mullaitivu,2026-09-21 12:52:22Z,36.0,100.0,0.3,moderate (30-40 dBZ)
Nayaru,Mullaitivu,2026-09-22 04:32:22Z,28.0,92.0,0.3,light (20-30 dBZ)
Nayaru,Mullaitivu,2026-09-22 13:01:00Z,28.0,92.0,0.3,light (20-30 dBZ)
Nayaru,Mullaitivu,2026-09-22 14:01:00Z,28.0,92.0,0.3,light (20-30 dBZ)
Nayaru,Mullaitivu,2026-09-22 14:37:00Z,28.0,92.0,0.3,light (20-30 dBZ)
Nayaru,Mullaitivu,2026-09-22 15:03:00Z,28.0,92.0,0.3,light (20-30 dBZ)
Nayaru,Mullaitivu,2026-09-22 15:46:05Z,20.0,4.0,1.4,light (20-30 dBZ)
Nayaru,Mullaitivu,2026-09-22 16:01:00Z,20.0,4.0,1.4,light (20-30 dBZ)
Nayaru,Mullaitivu,2026-09-23 14:36:09Z,36.0,100.0,0.3,moderate (30-40 dBZ)
Nayaru,Mullaitivu,2026-09-23 14:46:09Z,30.7,100.0,0.3,moderate (30-40 dBZ)
Nayaru,Mullaitivu,2026-09-23 15:01:00Z,30.7,100.0,0.3,moderate (30-40 dBZ)
Nayaru,Mullaitivu,2026-09-23 16:01:00Z,30.7,100.0,0.3,moderate (30-40 dBZ)
Nayaru,Mullaitivu,2026-09-23 16:40:00Z,30.7,100.0,0.3,moderate (30-40 dBZ)
Nayaru,Mullaitivu,2026-09-23 17:01:00Z,30.7,100.0,0.3,moderate (30-40 dBZ)
Nayaru,Mullaitivu,2026-09-23 18:36:42Z,20.0,4.0,1.4,light (20-30 dBZ)
Nayaru,Mullaitivu,2026-09-23 19:01:00Z,36.0,100.0,0.3,moderate (30-40 dBZ)
Nayaru,Mullaitivu,2026-09-23 20:00:00Z,36.0,100.0,0.3,moderate (30-40 dBZ)
Nayaru,Mullaitivu,2026-09-23 21:01:00Z,36.0,100.0,0.3,moderate (30-40 dBZ)
Nayaru,Mullaitivu,2026-09-23 22:01:00Z,36.0,100.0,0.3,moderate (30-40 dBZ)
Nayaru,Mullaitivu,2026-09-24 07:01:00Z,30.7,100.0,0.3,moderate (30-40 dBZ)
Nayaru,Mullaitivu,2026-09-24 08:01:00Z,30.7,100.0,0.3,moderate (30-40 dBZ)
Nayaru,Mullaitivu,2026-09-24 09:01:00Z,30.7,100.0,0.3,moderate (30-40 dBZ)
Nayaru,Mullaitivu,2026-09-24 09:51:00Z,30.7,100.0,0.3,moderate (30-40 dBZ)
Nayaru,Mullaitivu,2026-09-24 11:01:00Z,30.7,100.0,0.3,moderate (30-40 dBZ)
Nayaru,Mullaitivu,2026-09-24 12:01:00Z,30.7,100.0,0.3,moderate (30-40 dBZ)
Nayaru,Mullaitivu,2026-09-24 13:01:00Z,20.0,4.0,1.4,light (20-30 dBZ)
Nayaru,Mullaitivu,2026-09-24 18:59:00Z,20.0,4.0,1.4,light (20-30 dBZ)
Nayaru,Mullaitivu,2026-09-24 19:01:00Z,20.0,4.0,1.4,light (20-30 dBZ)
Nayaru,Mullaitivu,2026-09-26 02:42:22Z,20.0,4.0,1.4,light (20-30 dBZ)
Nayaru,Mullaitivu,2026-09-27 10:52:22Z,20.0,20.0,1.7,light (20-30 dBZ)
Nayaru,Mullaitivu,2026-09-27 11:00:00Z,20.0,20.0,1.7,light (20-30 dBZ)
Nayaru,Mullaitivu,2026-09-27 11:02:23Z,22.7,16.0,1.7,light (20-30 dBZ)
Nayaru,Mullaitivu,2026-09-27 12:00:00Z,22.7,16.0,1.7,light (20-30 dBZ)
Nayaru,Mullaitivu,2026-09-27 12:02:22Z,30.7,56.0,0.7,moderate (30-40 dBZ)
Nayaru,Mullaitivu,2026-09-27 12:22:22Z,22.7,32.0,1.7,light (20-30 dBZ)
Nayaru,Mullaitivu,2026-09-27 12:52:23Z,22.7,20.0,1.4,light (20-30 dBZ)
Nayaru,Mullaitivu,2026-09-28 08:22:23Z,20.0,20.0,1.7,light (20-30 dBZ)
Nayaru,Mullaitivu,2026-09-28 10:32:22Z,28.0,24.0,1.7,light (20-30 dBZ)
Nayaru,Mullaitivu,2026-09-28 10:42:23Z,22.7,12.0,2.1,light (20-30 dBZ)
Nayaru,Mullaitivu,2026-09-28 10:52:23Z,28.0,28.0,1.7,light (20-30 dBZ)
Nayaru,Mullaitivu,2026-09-28 11:01:00Z,22.7,12.0,2.1,light (20-30 dBZ)
Nayaru,Mullaitivu,2026-09-28 12:01:00Z,28.0,28.0,1.7,light (20-30 dBZ)
Nayaru,Mullaitivu,2026-09-28 12:02:23Z,25.3,24.0,1.4,light (20-30 dBZ)
Nayaru,Mullaitivu,2026-09-28 12:32:23Z,28.0,44.0,0.3,light (20-30 dBZ)
Nayaru,Mullaitivu,2026-09-28 12:42:23Z,25.3,68.0,0.2,light (20-30 dBZ)
Nayaru,Mullaitivu,2026-09-28 12:52:22Z,28.0,68.0,0.3,light (20-30 dBZ)
Nayaru,Mullaitivu,2026-09-28 13:01:00Z,25.3,68.0,0.2,light (20-30 dBZ)
Nayaru,Mullaitivu,2026-09-28 13:02:22Z,30.7,40.0,1.4,moderate (30-40 dBZ)
Nayaru,Mullaitivu,2026-09-28 13:32:22Z,20.0,8.0,2.1,light (20-30 dBZ)
Nayaru,Mullaitivu,2026-09-28 13:52:23Z,20.0,8.0,2.2,light (20-30 dBZ)
Nayaru,Mullaitivu,2026-09-28 14:02:22Z,25.3,20.0,1.4,light (20-30 dBZ)
Nayaru,Mullaitivu,2026-09-28 14:12:23Z,22.7,12.0,1.7,light (20-30 dBZ)
Nayaru,Mullaitivu,2026-09-28 15:02:23Z,20.0,8.0,2.3,light (20-30 dBZ)
Nayaru,Mullaitivu,2026-09-29 08:32:22Z,20.0,28.0,0.3,light (20-30 dBZ)
Nayaru,Mullaitivu,2026-09-29 08:42:22Z,30.7,60.0,0.3,moderate (30-40 dBZ)
Nayaru,Mullaitivu,2026-09-29 08:52:23Z,22.7,44.0,0.3,light (20-30 dBZ)
Nayaru,Mullaitivu,2026-09-29 10:42:23Z,30.7,36.0,0.7,moderate (30-40 dBZ)
Nayaru,Mullaitivu,2026-09-29 12:02:22Z,33.3,64.0,0.3,moderate (30-40 dBZ)
Nayaru,Mullaitivu,2026-09-29 12:22:22Z,25.3,88.0,0.3,light (20-30 dBZ)
Nayaru,Mullaitivu,2026-09-29 12:32:22Z,25.3,56.0,1.4,light (20-30 dBZ)
Neduntivu (Delft),Jaffna,2026-09-17 12:12:26Z,25.3,84.0,0.6,light (20-30 dBZ)
Neduntivu (Delft),Jaffna,2026-09-17 13:00:00Z,25.3,84.0,0.6,light (20-30 dBZ)
Neduntivu (Delft),Jaffna,2026-09-17 13:18:00Z,25.3,84.0,0.6,light (20-30 dBZ)
Neduntivu (Delft),Jaffna,2026-09-17 14:01:00Z,25.3,84.0,0.6,light (20-30 dBZ)
Neduntivu (Delft),Jaffna,2026-09-17 15:01:00Z,25.3,84.0,0.6,light (20-30 dBZ)
Neduntivu (Delft),Jaffna,2026-09-17 16:01:00Z,25.3,84.0,0.6,light (20-30 dBZ)
Neduntivu (Delft),Jaffna,2026-09-20 06:52:23Z,25.3,84.0,0.6,light (20-30 dBZ)
Neduntivu (Delft),Jaffna,2026-09-21 12:52:22Z,25.3,88.0,0.6,light (20-30 dBZ)
Neduntivu (Delft),Jaffna,2026-09-22 04:32:22Z,25.3,80.0,0.6,light (20-30 dBZ)
Neduntivu (Delft),Jaffna,2026-09-22 13:01:00Z,25.3,80.0,0.6,light (20-30 dBZ)
Neduntivu (Delft),Jaffna,2026-09-22 14:01:00Z,25.3,80.0,0.6,light (20-30 dBZ)
Neduntivu (Delft),Jaffna,2026-09-22 14:37:00Z,25.3,80.0,0.6,light (20-30 dBZ)
Neduntivu (Delft),Jaffna,2026-09-22 15:03:00Z,25.3,80.0,0.6,light (20-30 dBZ)
Neduntivu (Delft),Jaffna,2026-09-23 14:36:09Z,25.3,84.0,0.6,light (20-30 dBZ)
Neduntivu (Delft),Jaffna,2026-09-23 14:46:09Z,25.3,80.0,0.6,light (20-30 dBZ)
Neduntivu (Delft),Jaffna,2026-09-23 15:01:00Z,25.3,80.0,0.6,light (20-30 dBZ)
Neduntivu (Delft),Jaffna,2026-09-23 16:01:00Z,25.3,80.0,0.6,light (20-30 dBZ)
Neduntivu (Delft),Jaffna,2026-09-23 16:40:00Z,25.3,80.0,0.6,light (20-30 dBZ)
Neduntivu (Delft),Jaffna,2026-09-23 17:01:00Z,25.3,80.0,0.6,light (20-30 dBZ)
Neduntivu (Delft),Jaffna,2026-09-23 19:01:00Z,25.3,84.0,0.6,light (20-30 dBZ)
Neduntivu (Delft),Jaffna,2026-09-23 20:00:00Z,25.3,84.0,0.6,light (20-30 dBZ)
Neduntivu (Delft),Jaffna,2026-09-23 21:01:00Z,25.3,84.0,0.6,light (20-30 dBZ)
Neduntivu (Delft),Jaffna,2026-09-23 22:01:00Z,25.3,84.0,0.6,light (20-30 dBZ)
Neduntivu (Delft),Jaffna,2026-09-24 07:01:00Z,25.3,80.0,0.6,light (20-30 dBZ)
Neduntivu (Delft),Jaffna,2026-09-24 08:01:00Z,25.3,80.0,0.6,light (20-30 dBZ)
Neduntivu (Delft),Jaffna,2026-09-24 09:01:00Z,25.3,80.0,0.6,light (20-30 dBZ)
Neduntivu (Delft),Jaffna,2026-09-24 09:51:00Z,25.3,80.0,0.6,light (20-30 dBZ)
Neduntivu (Delft),Jaffna,2026-09-24 11:01:00Z,25.3,80.0,0.6,light (20-30 dBZ)
Neduntivu (Delft),Jaffna,2026-09-24 12:01:00Z,25.3,80.0,0.6,light (20-30 dBZ)
Neduntivu (Delft),Jaffna,2026-10-03 17:22:22Z,28.0,24.0,0.5,light (20-30 dBZ)
Neduntivu (Delft),Jaffna,2026-10-03 17:42:22Z,22.7,20.0,2.4,light (20-30 dBZ)
Oddusuddan,Mullaitivu,2026-09-15 08:22:48Z,36.0,8.0,2.6,moderate (30-40 dBZ)
Oddusuddan,Mullaitivu,2026-09-15 08:32:28Z,41.3,4.0,2.6,heavy (40-50 dBZ)
Oddusuddan,Mullaitivu,2026-09-15 08:52:48Z,25.3,8.0,2.6,light (20-30 dBZ)
Oddusuddan,Mullaitivu,2026-09-17 12:12:26Z,36.0,68.0,0.7,moderate (30-40 dBZ)
Oddusuddan,Mullaitivu,2026-09-17 13:00:00Z,36.0,68.0,0.7,moderate (30-40 dBZ)
Oddusuddan,Mullaitivu,2026-09-17 13:18:00Z,36.0,68.0,0.7,moderate (30-40 dBZ)
Oddusuddan,Mullaitivu,2026-09-17 14:01:00Z,36.0,68.0,0.7,moderate (30-40 dBZ)
Oddusuddan,Mullaitivu,2026-09-17 15:01:00Z,36.0,68.0,0.7,moderate (30-40 dBZ)
Oddusuddan,Mullaitivu,2026-09-17 16:01:00Z,36.0,68.0,0.7,moderate (30-40 dBZ)
Oddusuddan,Mullaitivu,2026-09-20 06:52:23Z,36.0,68.0,0.7,moderate (30-40 dBZ)
Oddusuddan,Mullaitivu,2026-09-21 12:52:22Z,36.0,88.0,0.5,moderate (30-40 dBZ)
Oddusuddan,Mullaitivu,2026-09-22 04:32:22Z,30.7,40.0,0.7,moderate (30-40 dBZ)
Oddusuddan,Mullaitivu,2026-09-22 13:01:00Z,30.7,40.0,0.7,moderate (30-40 dBZ)
Oddusuddan,Mullaitivu,2026-09-22 14:01:00Z,30.7,40.0,0.7,moderate (30-40 dBZ)
Oddusuddan,Mullaitivu,2026-09-22 14:37:00Z,30.7,40.0,0.7,moderate (30-40 dBZ)
Oddusuddan,Mullaitivu,2026-09-22 15:03:00Z,30.7,40.0,0.7,moderate (30-40 dBZ)
Oddusuddan,Mullaitivu,2026-09-23 14:36:09Z,36.0,68.0,0.7,moderate (30-40 dBZ)
Oddusuddan,Mullaitivu,2026-09-23 14:46:09Z,30.7,100.0,0.5,moderate (30-40 dBZ)
Oddusuddan,Mullaitivu,2026-09-23 15:01:00Z,30.7,100.0,0.5,moderate (30-40 dBZ)
Oddusuddan,Mullaitivu,2026-09-23 16:01:00Z,30.7,100.0,0.5,moderate (30-40 dBZ)
Oddusuddan,Mullaitivu,2026-09-23 16:40:00Z,30.7,100.0,0.5,moderate (30-40 dBZ)
Oddusuddan,Mullaitivu,2026-09-23 17:01:00Z,30.7,100.0,0.5,moderate (30-40 dBZ)
Oddusuddan,Mullaitivu,2026-09-23 19:01:00Z,36.0,68.0,0.7,moderate (30-40 dBZ)
Oddusuddan,Mullaitivu,2026-09-23 20:00:00Z,36.0,68.0,0.7,moderate (30-40 dBZ)
Oddusuddan,Mullaitivu,2026-09-23 21:01:00Z,36.0,68.0,0.7,moderate (30-40 dBZ)
Oddusuddan,Mullaitivu,2026-09-23 22:01:00Z,36.0,68.0,0.7,moderate (30-40 dBZ)
Oddusuddan,Mullaitivu,2026-09-24 07:01:00Z,30.7,100.0,0.5,moderate (30-40 dBZ)
Oddusuddan,Mullaitivu,2026-09-24 08:01:00Z,30.7,100.0,0.5,moderate (30-40 dBZ)
Oddusuddan,Mullaitivu,2026-09-24 09:01:00Z,30.7,100.0,0.5,moderate (30-40 dBZ)
Oddusuddan,Mullaitivu,2026-09-24 09:51:00Z,30.7,100.0,0.5,moderate (30-40 dBZ)
Oddusuddan,Mullaitivu,2026-09-24 11:01:00Z,30.7,100.0,0.5,moderate (30-40 dBZ)
Oddusuddan,Mullaitivu,2026-09-24 12:01:00Z,30.7,100.0,0.5,moderate (30-40 dBZ)
Oddusuddan,Mullaitivu,2026-09-28 10:22:23Z,28.0,76.0,0.5,light (20-30 dBZ)
Oddusuddan,Mullaitivu,2026-09-28 10:32:22Z,25.3,76.0,0.5,light (20-30 dBZ)
Oddusuddan,Mullaitivu,2026-09-28 10:42:23Z,20.0,16.0,1.4,light (20-30 dBZ)
Oddusuddan,Mullaitivu,2026-09-28 11:01:00Z,20.0,16.0,1.4,light (20-30 dBZ)
Oddusuddan,Mullaitivu,2026-09-29 08:52:23Z,33.3,32.0,0.5,moderate (30-40 dBZ)
Oddusuddan,Mullaitivu,2026-09-29 10:22:23Z,28.0,60.0,0.7,light (20-30 dBZ)
Oddusuddan,Mullaitivu,2026-09-29 10:42:23Z,20.0,12.0,1.3,light (20-30 dBZ)
Oddusuddan,Mullaitivu,2026-09-29 10:52:23Z,22.7,32.0,0.8,light (20-30 dBZ)
Oddusuddan,Mullaitivu,2026-09-30 08:32:23Z,20.0,4.0,2.3,light (20-30 dBZ)
Oddusuddan,Mullaitivu,2026-09-30 08:42:22Z,33.3,64.0,0.5,moderate (30-40 dBZ)
Oddusuddan,Mullaitivu,2026-09-30 08:52:22Z,28.0,32.0,0.6,light (20-30 dBZ)
Oddusuddan,Mullaitivu,2026-09-30 09:02:22Z,25.3,32.0,0.7,light (20-30 dBZ)
Oddusuddan,Mullaitivu,2026-10-04 08:02:26Z,20.0,4.0,3.2,light (20-30 dBZ)
Oddusuddan,Mullaitivu,2026-10-04 08:22:27Z,28.0,8.0,2.6,light (20-30 dBZ)
Pallai,Kilinochchi,2026-09-15 13:12:56Z,20.0,24.0,0.4,light (20-30 dBZ)
Pallai,Kilinochchi,2026-09-16 10:02:27Z,20.0,24.0,0.4,light (20-30 dBZ)
Pallai,Kilinochchi,2026-09-16 13:02:26Z,22.7,16.0,0.4,light (20-30 dBZ)
Pallai,Kilinochchi,2026-09-16 14:02:26Z,20.0,20.0,0.4,light (20-30 dBZ)
Pallai,Kilinochchi,2026-09-17 12:12:26Z,25.3,80.0,0.4,light (20-30 dBZ)
Pallai,Kilinochchi,2026-09-17 13:00:00Z,25.3,80.0,0.4,light (20-30 dBZ)
Pallai,Kilinochchi,2026-09-17 13:18:00Z,25.3,80.0,0.4,light (20-30 dBZ)
Pallai,Kilinochchi,2026-09-17 14:01:00Z,25.3,80.0,0.4,light (20-30 dBZ)
Pallai,Kilinochchi,2026-09-17 15:01:00Z,25.3,80.0,0.4,light (20-30 dBZ)
Pallai,Kilinochchi,2026-09-17 16:01:00Z,25.3,80.0,0.4,light (20-30 dBZ)
Pallai,Kilinochchi,2026-09-20 06:52:23Z,25.3,80.0,0.4,light (20-30 dBZ)
Pallai,Kilinochchi,2026-09-21 12:52:22Z,25.3,80.0,0.4,light (20-30 dBZ)
Pallai,Kilinochchi,2026-09-22 04:32:22Z,25.3,84.0,0.4,light (20-30 dBZ)
Pallai,Kilinochchi,2026-09-22 13:01:00Z,25.3,84.0,0.4,light (20-30 dBZ)
Pallai,Kilinochchi,2026-09-22 14:01:00Z,25.3,84.0,0.4,light (20-30 dBZ)
Pallai,Kilinochchi,2026-09-22 14:37:00Z,25.3,84.0,0.4,light (20-30 dBZ)
Pallai,Kilinochchi,2026-09-22 15:03:00Z,25.3,84.0,0.4,light (20-30 dBZ)
Pallai,Kilinochchi,2026-09-22 15:46:05Z,20.0,4.0,2.2,light (20-30 dBZ)
Pallai,Kilinochchi,2026-09-22 16:01:00Z,20.0,4.0,2.2,light (20-30 dBZ)
Pallai,Kilinochchi,2026-09-23 14:36:09Z,25.3,80.0,0.4,light (20-30 dBZ)
Pallai,Kilinochchi,2026-09-23 14:46:09Z,25.3,84.0,0.4,light (20-30 dBZ)
Pallai,Kilinochchi,2026-09-23 15:01:00Z,25.3,84.0,0.4,light (20-30 dBZ)
Pallai,Kilinochchi,2026-09-23 16:01:00Z,25.3,84.0,0.4,light (20-30 dBZ)
Pallai,Kilinochchi,2026-09-23 16:40:00Z,25.3,84.0,0.4,light (20-30 dBZ)
Pallai,Kilinochchi,2026-09-23 17:01:00Z,25.3,84.0,0.4,light (20-30 dBZ)
Pallai,Kilinochchi,2026-09-23 18:36:42Z,20.0,4.0,2.2,light (20-30 dBZ)
Pallai,Kilinochchi,2026-09-23 19:01:00Z,25.3,80.0,0.4,light (20-30 dBZ)
Pallai,Kilinochchi,2026-09-23 20:00:00Z,25.3,80.0,0.4,light (20-30 dBZ)
Pallai,Kilinochchi,2026-09-23 21:01:00Z,25.3,80.0,0.4,light (20-30 dBZ)
Pallai,Kilinochchi,2026-09-23 22:01:00Z,25.3,80.0,0.4,light (20-30 dBZ)
Pallai,Kilinochchi,2026-09-24 07:01:00Z,25.3,84.0,0.4,light (20-30 dBZ)
Pallai,Kilinochchi,2026-09-24 08:01:00Z,25.3,84.0,0.4,light (20-30 dBZ)
Pallai,Kilinochchi,2026-09-24 09:01:00Z,25.3,84.0,0.4,light (20-30 dBZ)
Pallai,Kilinochchi,2026-09-24 09:51:00Z,25.3,84.0,0.4,light (20-30 dBZ)
Pallai,Kilinochchi,2026-09-24 11:01:00Z,25.3,84.0,0.4,light (20-30 dBZ)
Pallai,Kilinochchi,2026-09-24 12:01:00Z,25.3,84.0,0.4,light (20-30 dBZ)
Pallai,Kilinochchi,2026-09-24 13:01:00Z,20.0,4.0,2.2,light (20-30 dBZ)
Pallai,Kilinochchi,2026-09-24 18:59:00Z,20.0,4.0,2.2,light (20-30 dBZ)
Pallai,Kilinochchi,2026-09-24 19:01:00Z,20.0,4.0,2.2,light (20-30 dBZ)
Pallai,Kilinochchi,2026-09-26 02:42:22Z,20.0,4.0,2.2,light (20-30 dBZ)
Pallai,Kilinochchi,2026-09-26 12:52:23Z,28.0,44.0,0.5,light (20-30 dBZ)
Pallai,Kilinochchi,2026-09-26 13:22:22Z,30.7,16.0,0.5,moderate (30-40 dBZ)
Pallai,Kilinochchi,2026-09-26 13:42:23Z,25.3,44.0,0.4,light (20-30 dBZ)
Pallai,Kilinochchi,2026-09-26 13:52:23Z,30.7,12.0,0.6,moderate (30-40 dBZ)
Pallai,Kilinochchi,2026-09-26 14:00:00Z,25.3,44.0,0.4,light (20-30 dBZ)
Pallai,Kilinochchi,2026-09-26 14:02:23Z,25.3,20.0,1.4,light (20-30 dBZ)
Pallai,Kilinochchi,2026-09-26 14:22:22Z,20.0,12.0,0.5,light (20-30 dBZ)
Pallai,Kilinochchi,2026-09-26 14:32:22Z,20.0,8.0,1.6,light (20-30 dBZ)
Pallai,Kilinochchi,2026-09-26 14:42:23Z,25.3,44.0,0.5,light (20-30 dBZ)
Pallai,Kilinochchi,2026-09-26 15:01:00Z,25.3,44.0,0.5,light (20-30 dBZ)
Pallai,Kilinochchi,2026-09-26 15:02:22Z,28.0,52.0,0.4,light (20-30 dBZ)
Pallai,Kilinochchi,2026-09-26 15:22:23Z,25.3,48.0,0.4,light (20-30 dBZ)
Pallai,Kilinochchi,2026-09-26 15:42:23Z,22.7,48.0,0.4,light (20-30 dBZ)
Pallai,Kilinochchi,2026-09-26 15:52:22Z,20.0,12.0,1.4,light (20-30 dBZ)
Pallai,Kilinochchi,2026-09-26 16:00:00Z,22.7,48.0,0.4,light (20-30 dBZ)
Pallai,Kilinochchi,2026-09-26 16:22:22Z,28.0,48.0,0.4,light (20-30 dBZ)
Pallai,Kilinochchi,2026-09-26 17:02:22Z,22.7,24.0,0.4,light (20-30 dBZ)
Pallai,Kilinochchi,2026-09-27 10:52:22Z,20.0,8.0,0.6,light (20-30 dBZ)
Pallai,Kilinochchi,2026-09-27 11:00:00Z,20.0,8.0,0.6,light (20-30 dBZ)
Pallai,Kilinochchi,2026-09-28 16:12:23Z,20.0,24.0,0.4,light (20-30 dBZ)
Pallai,Kilinochchi,2026-09-29 15:42:22Z,22.7,8.0,0.6,light (20-30 dBZ)
Pallai,Kilinochchi,2026-09-29 16:22:23Z,20.0,16.0,0.4,light (20-30 dBZ)
Pallai,Kilinochchi,2026-09-29 16:32:23Z,20.0,12.0,0.6,light (20-30 dBZ)
Pandateruppu,Jaffna,2026-09-15 12:42:27Z,25.3,32.0,0.6,light (20-30 dBZ)
Pandateruppu,Jaffna,2026-09-15 12:53:40Z,22.7,36.0,0.6,light (20-30 dBZ)
Pandateruppu,Jaffna,2026-09-15 13:00:00Z,25.3,32.0,0.5,light (20-30 dBZ)
Pandateruppu,Jaffna,2026-09-15 13:02:30Z,20.0,4.0,2.5,light (20-30 dBZ)
Pandateruppu,Jaffna,2026-09-15 13:24:00Z,20.0,4.0,2.5,light (20-30 dBZ)
Pandateruppu,Jaffna,2026-09-17 12:12:26Z,25.3,96.0,0.5,light (20-30 dBZ)
Pandateruppu,Jaffna,2026-09-17 13:00:00Z,25.3,96.0,0.5,light (20-30 dBZ)
Pandateruppu,Jaffna,2026-09-17 13:18:00Z,25.3,96.0,0.5,light (20-30 dBZ)
Pandateruppu,Jaffna,2026-09-17 14:01:00Z,25.3,96.0,0.5,light (20-30 dBZ)
Pandateruppu,Jaffna,2026-09-17 15:01:00Z,25.3,96.0,0.5,light (20-30 dBZ)
Pandateruppu,Jaffna,2026-09-17 16:01:00Z,25.3,96.0,0.5,light (20-30 dBZ)
Pandateruppu,Jaffna,2026-09-20 06:52:23Z,25.3,96.0,0.5,light (20-30 dBZ)
Pandateruppu,Jaffna,2026-09-21 12:52:22Z,25.3,100.0,0.5,light (20-30 dBZ)
Pandateruppu,Jaffna,2026-09-22 04:32:22Z,25.3,92.0,0.5,light (20-30 dBZ)
Pandateruppu,Jaffna,2026-09-22 13:01:00Z,25.3,92.0,0.5,light (20-30 dBZ)
Pandateruppu,Jaffna,2026-09-22 14:01:00Z,25.3,92.0,0.5,light (20-30 dBZ)
Pandateruppu,Jaffna,2026-09-22 14:37:00Z,25.3,92.0,0.5,light (20-30 dBZ)
Pandateruppu,Jaffna,2026-09-22 15:03:00Z,25.3,92.0,0.5,light (20-30 dBZ)
Pandateruppu,Jaffna,2026-09-22 15:46:05Z,28.0,28.0,1.5,light (20-30 dBZ)
Pandateruppu,Jaffna,2026-09-22 16:01:00Z,28.0,28.0,1.5,light (20-30 dBZ)
Pandateruppu,Jaffna,2026-09-23 14:36:09Z,25.3,96.0,0.5,light (20-30 dBZ)
Pandateruppu,Jaffna,2026-09-23 14:46:09Z,25.3,92.0,0.5,light (20-30 dBZ)
Pandateruppu,Jaffna,2026-09-23 15:01:00Z,25.3,92.0,0.5,light (20-30 dBZ)
Pandateruppu,Jaffna,2026-09-23 16:01:00Z,25.3,92.0,0.5,light (20-30 dBZ)
Pandateruppu,Jaffna,2026-09-23 16:40:00Z,25.3,92.0,0.5,light (20-30 dBZ)
Pandateruppu,Jaffna,2026-09-23 17:01:00Z,25.3,92.0,0.5,light (20-30 dBZ)
Pandateruppu,Jaffna,2026-09-23 18:36:42Z,28.0,28.0,1.5,light (20-30 dBZ)
Pandateruppu,Jaffna,2026-09-23 19:01:00Z,25.3,96.0,0.5,light (20-30 dBZ)
Pandateruppu,Jaffna,2026-09-23 20:00:00Z,25.3,96.0,0.5,light (20-30 dBZ)
Pandateruppu,Jaffna,2026-09-23 21:01:00Z,25.3,96.0,0.5,light (20-30 dBZ)
Pandateruppu,Jaffna,2026-09-23 22:01:00Z,25.3,96.0,0.5,light (20-30 dBZ)
Pandateruppu,Jaffna,2026-09-24 07:01:00Z,25.3,92.0,0.5,light (20-30 dBZ)
Pandateruppu,Jaffna,2026-09-24 08:01:00Z,25.3,92.0,0.5,light (20-30 dBZ)
Pandateruppu,Jaffna,2026-09-24 09:01:00Z,25.3,92.0,0.5,light (20-30 dBZ)
Pandateruppu,Jaffna,2026-09-24 09:51:00Z,25.3,92.0,0.5,light (20-30 dBZ)
Pandateruppu,Jaffna,2026-09-24 11:01:00Z,25.3,92.0,0.5,light (20-30 dBZ)
Pandateruppu,Jaffna,2026-09-24 12:01:00Z,25.3,92.0,0.5,light (20-30 dBZ)
Pandateruppu,Jaffna,2026-09-24 13:01:00Z,28.0,28.0,1.5,light (20-30 dBZ)
Pandateruppu,Jaffna,2026-09-24 18:59:00Z,28.0,28.0,1.5,light (20-30 dBZ)
Pandateruppu,Jaffna,2026-09-24 19:01:00Z,28.0,28.0,1.5,light (20-30 dBZ)
Pandateruppu,Jaffna,2026-09-26 02:42:22Z,28.0,28.0,1.5,light (20-30 dBZ)
Pandateruppu,Jaffna,2026-09-29 16:42:22Z,20.0,8.0,1.4,light (20-30 dBZ)
Pandateruppu,Jaffna,2026-10-04 08:02:26Z,44.0,40.0,0.5,heavy (40-50 dBZ)
Pandateruppu,Jaffna,2026-10-04 08:22:27Z,33.3,52.0,0.5,moderate (30-40 dBZ)
Pandateruppu,Jaffna,2026-10-04 08:32:27Z,36.0,60.0,0.5,moderate (30-40 dBZ)
Paranthan,Kilinochchi,2026-09-15 08:22:48Z,36.0,4.0,2.9,moderate (30-40 dBZ)
Paranthan,Kilinochchi,2026-09-15 23:32:38Z,20.0,12.0,0.8,light (20-30 dBZ)
Paranthan,Kilinochchi,2026-09-15 23:55:12Z,20.0,4.0,0.5,light (20-30 dBZ)
Paranthan,Kilinochchi,2026-09-16 00:00:00Z,20.0,12.0,0.8,light (20-30 dBZ)
Paranthan,Kilinochchi,2026-09-16 00:10:00Z,20.0,4.0,0.5,light (20-30 dBZ)
Paranthan,Kilinochchi,2026-09-17 12:12:26Z,20.0,48.0,0.6,light (20-30 dBZ)
Paranthan,Kilinochchi,2026-09-17 13:00:00Z,20.0,48.0,0.6,light (20-30 dBZ)
Paranthan,Kilinochchi,2026-09-17 13:18:00Z,20.0,48.0,0.6,light (20-30 dBZ)
Paranthan,Kilinochchi,2026-09-17 14:01:00Z,20.0,48.0,0.6,light (20-30 dBZ)
Paranthan,Kilinochchi,2026-09-17 15:01:00Z,20.0,48.0,0.6,light (20-30 dBZ)
Paranthan,Kilinochchi,2026-09-17 16:01:00Z,20.0,48.0,0.6,light (20-30 dBZ)
Paranthan,Kilinochchi,2026-09-20 06:52:23Z,20.0,48.0,0.6,light (20-30 dBZ)
Paranthan,Kilinochchi,2026-09-21 12:52:22Z,20.0,48.0,0.6,light (20-30 dBZ)
Paranthan,Kilinochchi,2026-09-22 04:32:22Z,22.7,68.0,0.6,light (20-30 dBZ)
Paranthan,Kilinochchi,2026-09-22 13:01:00Z,22.7,68.0,0.6,light (20-30 dBZ)
Paranthan,Kilinochchi,2026-09-22 14:01:00Z,22.7,68.0,0.6,light (20-30 dBZ)
Paranthan,Kilinochchi,2026-09-22 14:37:00Z,22.7,68.0,0.6,light (20-30 dBZ)
Paranthan,Kilinochchi,2026-09-22 15:03:00Z,22.7,68.0,0.6,light (20-30 dBZ)
Paranthan,Kilinochchi,2026-09-23 14:36:09Z,20.0,48.0,0.6,light (20-30 dBZ)
Paranthan,Kilinochchi,2026-09-23 14:46:09Z,22.7,68.0,0.6,light (20-30 dBZ)
Paranthan,Kilinochchi,2026-09-23 15:01:00Z,22.7,68.0,0.6,light (20-30 dBZ)
Paranthan,Kilinochchi,2026-09-23 16:01:00Z,22.7,68.0,0.6,light (20-30 dBZ)
Paranthan,Kilinochchi,2026-09-23 16:40:00Z,22.7,68.0,0.6,light (20-30 dBZ)
Paranthan,Kilinochchi,2026-09-23 17:01:00Z,22.7,68.0,0.6,light (20-30 dBZ)
Paranthan,Kilinochchi,2026-09-23 19:01:00Z,20.0,48.0,0.6,light (20-30 dBZ)
Paranthan,Kilinochchi,2026-09-23 20:00:00Z,20.0,48.0,0.6,light (20-30 dBZ)
Paranthan,Kilinochchi,2026-09-23 21:01:00Z,20.0,48.0,0.6,light (20-30 dBZ)
Paranthan,Kilinochchi,2026-09-23 22:01:00Z,20.0,48.0,0.6,light (20-30 dBZ)
Paranthan,Kilinochchi,2026-09-24 07:01:00Z,22.7,68.0,0.6,light (20-30 dBZ)
Paranthan,Kilinochchi,2026-09-24 08:01:00Z,22.7,68.0,0.6,light (20-30 dBZ)
Paranthan,Kilinochchi,2026-09-24 09:01:00Z,22.7,68.0,0.6,light (20-30 dBZ)
Paranthan,Kilinochchi,2026-09-24 09:51:00Z,22.7,68.0,0.6,light (20-30 dBZ)
Paranthan,Kilinochchi,2026-09-24 11:01:00Z,22.7,68.0,0.6,light (20-30 dBZ)
Paranthan,Kilinochchi,2026-09-24 12:01:00Z,22.7,68.0,0.6,light (20-30 dBZ)
Paranthan,Kilinochchi,2026-09-26 12:52:23Z,20.0,28.0,0.8,light (20-30 dBZ)
Paranthan,Kilinochchi,2026-10-04 08:22:27Z,36.0,20.0,1.5,moderate (30-40 dBZ)
Paranthan,Kilinochchi,2026-10-04 08:32:27Z,28.0,28.0,1.3,light (20-30 dBZ)
Point Pedro,Jaffna,2026-09-15 12:42:27Z,20.0,24.0,1.0,light (20-30 dBZ)
Point Pedro,Jaffna,2026-09-15 12:53:40Z,22.7,32.0,0.7,light (20-30 dBZ)
Point Pedro,Jaffna,2026-09-15 13:00:00Z,20.0,24.0,1.0,light (20-30 dBZ)
Point Pedro,Jaffna,2026-09-15 13:02:30Z,20.0,24.0,1.1,light (20-30 dBZ)
Point Pedro,Jaffna,2026-09-15 13:24:00Z,20.0,24.0,1.1,light (20-30 dBZ)
Point Pedro,Jaffna,2026-09-17 12:12:26Z,25.3,96.0,0.4,light (20-30 dBZ)
Point Pedro,Jaffna,2026-09-17 13:00:00Z,25.3,96.0,0.4,light (20-30 dBZ)
Point Pedro,Jaffna,2026-09-17 13:18:00Z,25.3,96.0,0.4,light (20-30 dBZ)
Point Pedro,Jaffna,2026-09-17 14:01:00Z,25.3,96.0,0.4,light (20-30 dBZ)
Point Pedro,Jaffna,2026-09-17 15:01:00Z,25.3,96.0,0.4,light (20-30 dBZ)
Point Pedro,Jaffna,2026-09-17 16:01:00Z,25.3,96.0,0.4,light (20-30 dBZ)
Point Pedro,Jaffna,2026-09-20 06:52:23Z,25.3,96.0,0.4,light (20-30 dBZ)
Point Pedro,Jaffna,2026-09-20 08:12:22Z,28.0,36.0,0.4,light (20-30 dBZ)
Point Pedro,Jaffna,2026-09-20 08:22:21Z,33.3,28.0,0.4,moderate (30-40 dBZ)
Point Pedro,Jaffna,2026-09-20 09:00:00Z,33.3,28.0,0.4,moderate (30-40 dBZ)
Point Pedro,Jaffna,2026-09-20 10:00:00Z,33.3,28.0,0.4,moderate (30-40 dBZ)
Point Pedro,Jaffna,2026-09-20 11:00:00Z,33.3,28.0,0.4,moderate (30-40 dBZ)
Point Pedro,Jaffna,2026-09-20 12:00:00Z,33.3,28.0,0.4,moderate (30-40 dBZ)
Point Pedro,Jaffna,2026-09-20 13:00:00Z,33.3,28.0,0.4,moderate (30-40 dBZ)
Point Pedro,Jaffna,2026-09-20 14:00:00Z,33.3,28.0,0.4,moderate (30-40 dBZ)
Point Pedro,Jaffna,2026-09-21 12:52:22Z,25.3,96.0,0.4,light (20-30 dBZ)
Point Pedro,Jaffna,2026-09-22 04:32:22Z,25.3,96.0,0.4,light (20-30 dBZ)
Point Pedro,Jaffna,2026-09-22 13:01:00Z,25.3,96.0,0.4,light (20-30 dBZ)
Point Pedro,Jaffna,2026-09-22 14:01:00Z,25.3,96.0,0.4,light (20-30 dBZ)
Point Pedro,Jaffna,2026-09-22 14:37:00Z,25.3,96.0,0.4,light (20-30 dBZ)
Point Pedro,Jaffna,2026-09-22 15:03:00Z,25.3,96.0,0.4,light (20-30 dBZ)
Point Pedro,Jaffna,2026-09-22 15:46:05Z,28.0,100.0,0.4,light (20-30 dBZ)
Point Pedro,Jaffna,2026-09-22 16:01:00Z,28.0,100.0,0.4,light (20-30 dBZ)
Point Pedro,Jaffna,2026-09-23 14:36:09Z,25.3,96.0,0.4,light (20-30 dBZ)
Point Pedro,Jaffna,2026-09-23 14:46:09Z,25.3,96.0,0.4,light (20-30 dBZ)
Point Pedro,Jaffna,2026-09-23 15:01:00Z,25.3,96.0,0.4,light (20-30 dBZ)
Point Pedro,Jaffna,2026-09-23 16:01:00Z,25.3,96.0,0.4,light (20-30 dBZ)
Point Pedro,Jaffna,2026-09-23 16:40:00Z,25.3,96.0,0.4,light (20-30 dBZ)
Point Pedro,Jaffna,2026-09-23 17:01:00Z,25.3,96.0,0.4,light (20-30 dBZ)
Point Pedro,Jaffna,2026-09-23 18:36:42Z,28.0,100.0,0.4,light (20-30 dBZ)
Point Pedro,Jaffna,2026-09-23 19:01:00Z,25.3,96.0,0.4,light (20-30 dBZ)
Point Pedro,Jaffna,2026-09-23 20:00:00Z,25.3,96.0,0.4,light (20-30 dBZ)
Point Pedro,Jaffna,2026-09-23 21:01:00Z,25.3,96.0,0.4,light (20-30 dBZ)
Point Pedro,Jaffna,2026-09-23 22:01:00Z,25.3,96.0,0.4,light (20-30 dBZ)
Point Pedro,Jaffna,2026-09-24 07:01:00Z,25.3,96.0,0.4,light (20-30 dBZ)
Point Pedro,Jaffna,2026-09-24 08:01:00Z,25.3,96.0,0.4,light (20-30 dBZ)
Point Pedro,Jaffna,2026-09-24 09:01:00Z,25.3,96.0,0.4,light (20-30 dBZ)
Point Pedro,Jaffna,2026-09-24 09:51:00Z,25.3,96.0,0.4,light (20-30 dBZ)
Point Pedro,Jaffna,2026-09-24 11:01:00Z,25.3,96.0,0.4,light (20-30 dBZ)
Point Pedro,Jaffna,2026-09-24 12:01:00Z,25.3,96.0,0.4,light (20-30 dBZ)
Point Pedro,Jaffna,2026-09-24 13:01:00Z,28.0,100.0,0.4,light (20-30 dBZ)
Point Pedro,Jaffna,2026-09-24 18:59:00Z,28.0,100.0,0.4,light (20-30 dBZ)
Point Pedro,Jaffna,2026-09-24 19:01:00Z,28.0,100.0,0.4,light (20-30 dBZ)
Point Pedro,Jaffna,2026-09-26 02:42:22Z,28.0,100.0,0.4,light (20-30 dBZ)
Point Pedro,Jaffna,2026-09-26 08:02:22Z,22.7,4.0,1.6,light (20-30 dBZ)
Point Pedro,Jaffna,2026-09-26 10:42:22Z,22.7,8.0,0.6,light (20-30 dBZ)
Point Pedro,Jaffna,2026-09-27 12:52:23Z,20.0,8.0,1.7,light (20-30 dBZ)
Point Pedro,Jaffna,2026-10-02 22:22:22Z,33.3,20.0,1.8,moderate (30-40 dBZ)
Point Pedro,Jaffna,2026-10-02 22:32:22Z,33.3,44.0,0.4,moderate (30-40 dBZ)
Point Pedro,Jaffna,2026-10-02 22:42:22Z,22.7,8.0,1.6,light (20-30 dBZ)
Pooneryn,Kilinochchi,2026-09-17 12:12:26Z,25.3,68.0,0.6,light (20-30 dBZ)
Pooneryn,Kilinochchi,2026-09-17 13:00:00Z,25.3,68.0,0.6,light (20-30 dBZ)
Pooneryn,Kilinochchi,2026-09-17 13:18:00Z,25.3,68.0,0.6,light (20-30 dBZ)
Pooneryn,Kilinochchi,2026-09-17 14:01:00Z,25.3,68.0,0.6,light (20-30 dBZ)
Pooneryn,Kilinochchi,2026-09-17 15:01:00Z,25.3,68.0,0.6,light (20-30 dBZ)
Pooneryn,Kilinochchi,2026-09-17 16:01:00Z,25.3,68.0,0.6,light (20-30 dBZ)
Pooneryn,Kilinochchi,2026-09-20 06:52:23Z,25.3,68.0,0.6,light (20-30 dBZ)
Pooneryn,Kilinochchi,2026-09-21 12:52:22Z,25.3,68.0,0.6,light (20-30 dBZ)
Pooneryn,Kilinochchi,2026-09-22 04:32:22Z,25.3,76.0,0.6,light (20-30 dBZ)
Pooneryn,Kilinochchi,2026-09-22 13:01:00Z,25.3,76.0,0.6,light (20-30 dBZ)
Pooneryn,Kilinochchi,2026-09-22 14:01:00Z,25.3,76.0,0.6,light (20-30 dBZ)
Pooneryn,Kilinochchi,2026-09-22 14:37:00Z,25.3,76.0,0.6,light (20-30 dBZ)
Pooneryn,Kilinochchi,2026-09-22 15:03:00Z,25.3,76.0,0.6,light (20-30 dBZ)
Pooneryn,Kilinochchi,2026-09-22 15:46:05Z,20.0,8.0,1.6,light (20-30 dBZ)
Pooneryn,Kilinochchi,2026-09-22 16:01:00Z,20.0,8.0,1.6,light (20-30 dBZ)
Pooneryn,Kilinochchi,2026-09-23 14:36:09Z,25.3,68.0,0.6,light (20-30 dBZ)
Pooneryn,Kilinochchi,2026-09-23 14:46:09Z,25.3,76.0,0.6,light (20-30 dBZ)
Pooneryn,Kilinochchi,2026-09-23 15:01:00Z,25.3,76.0,0.6,light (20-30 dBZ)
Pooneryn,Kilinochchi,2026-09-23 16:01:00Z,25.3,76.0,0.6,light (20-30 dBZ)
Pooneryn,Kilinochchi,2026-09-23 16:40:00Z,25.3,76.0,0.6,light (20-30 dBZ)
Pooneryn,Kilinochchi,2026-09-23 17:01:00Z,25.3,76.0,0.6,light (20-30 dBZ)
Pooneryn,Kilinochchi,2026-09-23 18:36:42Z,20.0,8.0,1.6,light (20-30 dBZ)
Pooneryn,Kilinochchi,2026-09-23 19:01:00Z,25.3,68.0,0.6,light (20-30 dBZ)
Pooneryn,Kilinochchi,2026-09-23 20:00:00Z,25.3,68.0,0.6,light (20-30 dBZ)
Pooneryn,Kilinochchi,2026-09-23 21:01:00Z,25.3,68.0,0.6,light (20-30 dBZ)
Pooneryn,Kilinochchi,2026-09-23 22:01:00Z,25.3,68.0,0.6,light (20-30 dBZ)
Pooneryn,Kilinochchi,2026-09-24 07:01:00Z,25.3,76.0,0.6,light (20-30 dBZ)
Pooneryn,Kilinochchi,2026-09-24 08:01:00Z,25.3,76.0,0.6,light (20-30 dBZ)
Pooneryn,Kilinochchi,2026-09-24 09:01:00Z,25.3,76.0,0.6,light (20-30 dBZ)
Pooneryn,Kilinochchi,2026-09-24 09:51:00Z,25.3,76.0,0.6,light (20-30 dBZ)
Pooneryn,Kilinochchi,2026-09-24 11:01:00Z,25.3,76.0,0.6,light (20-30 dBZ)
Pooneryn,Kilinochchi,2026-09-24 12:01:00Z,25.3,76.0,0.6,light (20-30 dBZ)
Pooneryn,Kilinochchi,2026-09-24 13:01:00Z,20.0,8.0,1.6,light (20-30 dBZ)
Pooneryn,Kilinochchi,2026-09-24 18:59:00Z,20.0,8.0,1.6,light (20-30 dBZ)
Pooneryn,Kilinochchi,2026-09-24 19:01:00Z,20.0,8.0,1.6,light (20-30 dBZ)
Pooneryn,Kilinochchi,2026-09-26 02:42:22Z,20.0,8.0,1.6,light (20-30 dBZ)
Pooneryn,Kilinochchi,2026-10-01 10:52:22Z,22.7,4.0,1.6,light (20-30 dBZ)
Pooneryn,Kilinochchi,2026-10-03 08:12:23Z,25.3,20.0,0.6,light (20-30 dBZ)
Pooneryn,Kilinochchi,2026-10-03 08:22:23Z,28.0,36.0,0.6,light (20-30 dBZ)
Pooneryn,Kilinochchi,2026-10-03 08:32:22Z,33.3,32.0,1.7,moderate (30-40 dBZ)
Pooneryn,Kilinochchi,2026-10-03 08:42:23Z,25.3,68.0,0.6,light (20-30 dBZ)
Pooneryn,Kilinochchi,2026-10-03 08:52:22Z,30.7,68.0,0.6,moderate (30-40 dBZ)
Pooneryn,Kilinochchi,2026-10-03 09:02:22Z,36.0,92.0,0.6,moderate (30-40 dBZ)
Pooneryn,Kilinochchi,2026-10-03 15:22:23Z,20.0,8.0,2.1,light (20-30 dBZ)
Pooneryn,Kilinochchi,2026-10-03 15:32:22Z,28.0,20.0,1.7,light (20-30 dBZ)
Pooneryn,Kilinochchi,2026-10-03 15:42:22Z,25.3,40.0,1.4,light (20-30 dBZ)
Pooneryn,Kilinochchi,2026-10-04 08:02:26Z,30.7,8.0,2.4,moderate (30-40 dBZ)
Pungudutivu,Jaffna,2026-09-17 12:12:26Z,25.3,88.0,0.2,light (20-30 dBZ)
Pungudutivu,Jaffna,2026-09-17 13:00:00Z,25.3,88.0,0.2,light (20-30 dBZ)
Pungudutivu,Jaffna,2026-09-17 13:18:00Z,25.3,88.0,0.2,light (20-30 dBZ)
Pungudutivu,Jaffna,2026-09-17 14:01:00Z,25.3,88.0,0.2,light (20-30 dBZ)
Pungudutivu,Jaffna,2026-09-17 15:01:00Z,25.3,88.0,0.2,light (20-30 dBZ)
Pungudutivu,Jaffna,2026-09-17 16:01:00Z,25.3,88.0,0.2,light (20-30 dBZ)
Pungudutivu,Jaffna,2026-09-20 06:52:23Z,25.3,88.0,0.2,light (20-30 dBZ)
Pungudutivu,Jaffna,2026-09-21 12:52:22Z,25.3,88.0,0.2,light (20-30 dBZ)
Pungudutivu,Jaffna,2026-09-22 04:32:22Z,25.3,84.0,0.2,light (20-30 dBZ)
Pungudutivu,Jaffna,2026-09-22 13:01:00Z,25.3,84.0,0.2,light (20-30 dBZ)
Pungudutivu,Jaffna,2026-09-22 14:01:00Z,25.3,84.0,0.2,light (20-30 dBZ)
Pungudutivu,Jaffna,2026-09-22 14:37:00Z,25.3,84.0,0.2,light (20-30 dBZ)
Pungudutivu,Jaffna,2026-09-22 15:03:00Z,25.3,84.0,0.2,light (20-30 dBZ)
Pungudutivu,Jaffna,2026-09-22 15:46:05Z,20.0,4.0,1.2,light (20-30 dBZ)
Pungudutivu,Jaffna,2026-09-22 16:01:00Z,20.0,4.0,1.2,light (20-30 dBZ)
Pungudutivu,Jaffna,2026-09-23 14:36:09Z,25.3,88.0,0.2,light (20-30 dBZ)
Pungudutivu,Jaffna,2026-09-23 14:46:09Z,25.3,84.0,0.2,light (20-30 dBZ)
Pungudutivu,Jaffna,2026-09-23 15:01:00Z,25.3,84.0,0.2,light (20-30 dBZ)
Pungudutivu,Jaffna,2026-09-23 16:01:00Z,25.3,84.0,0.2,light (20-30 dBZ)
Pungudutivu,Jaffna,2026-09-23 16:40:00Z,25.3,84.0,0.2,light (20-30 dBZ)
Pungudutivu,Jaffna,2026-09-23 17:01:00Z,25.3,84.0,0.2,light (20-30 dBZ)
Pungudutivu,Jaffna,2026-09-23 18:36:42Z,20.0,4.0,1.2,light (20-30 dBZ)
Pungudutivu,Jaffna,2026-09-23 19:01:00Z,25.3,88.0,0.2,light (20-30 dBZ)
Pungudutivu,Jaffna,2026-09-23 20:00:00Z,25.3,88.0,0.2,light (20-30 dBZ)
Pungudutivu,Jaffna,2026-09-23 21:01:00Z,25.3,88.0,0.2,light (20-30 dBZ)
Pungudutivu,Jaffna,2026-09-23 22:01:00Z,25.3,88.0,0.2,light (20-30 dBZ)
Pungudutivu,Jaffna,2026-09-24 07:01:00Z,25.3,84.0,0.2,light (20-30 dBZ)
Pungudutivu,Jaffna,2026-09-24 08:01:00Z,25.3,84.0,0.2,light (20-30 dBZ)
Pungudutivu,Jaffna,2026-09-24 09:01:00Z,25.3,84.0,0.2,light (20-30 dBZ)
Pungudutivu,Jaffna,2026-09-24 09:51:00Z,25.3,84.0,0.2,light (20-30 dBZ)
Pungudutivu,Jaffna,2026-09-24 11:01:00Z,25.3,84.0,0.2,light (20-30 dBZ)
Pungudutivu,Jaffna,2026-09-24 12:01:00Z,25.3,84.0,0.2,light (20-30 dBZ)
Pungudutivu,Jaffna,2026-09-24 13:01:00Z,20.0,4.0,1.2,light (20-30 dBZ)
Pungudutivu,Jaffna,2026-09-24 18:59:00Z,20.0,4.0,1.2,light (20-30 dBZ)
Pungudutivu,Jaffna,2026-09-24 19:01:00Z,20.0,4.0,1.2,light (20-30 dBZ)
Pungudutivu,Jaffna,2026-09-26 02:42:22Z,20.0,4.0,1.2,light (20-30 dBZ)
Pungudutivu,Jaffna,2026-10-03 17:52:22Z,20.0,4.0,2.5,light (20-30 dBZ)
Pungudutivu,Jaffna,2026-10-03 18:02:23Z,20.0,4.0,2.5,light (20-30 dBZ)
Pungudutivu,Jaffna,2026-10-03 18:22:23Z,28.0,8.0,1.8,light (20-30 dBZ)
Puthukkudiyiruppu,Mullaitivu,2026-09-15 22:50:58Z,20.0,12.0,0.8,light (20-30 dBZ)
Puthukkudiyiruppu,Mullaitivu,2026-09-15 23:00:00Z,20.0,12.0,0.8,light (20-30 dBZ)
Puthukkudiyiruppu,Mullaitivu,2026-09-16 08:52:30Z,20.0,20.0,1.3,light (20-30 dBZ)
Puthukkudiyiruppu,Mullaitivu,2026-09-16 10:00:00Z,20.0,20.0,1.3,light (20-30 dBZ)
Puthukkudiyiruppu,Mullaitivu,2026-09-17 12:12:26Z,20.0,36.0,0.4,light (20-30 dBZ)
Puthukkudiyiruppu,Mullaitivu,2026-09-17 13:00:00Z,20.0,36.0,0.4,light (20-30 dBZ)
Puthukkudiyiruppu,Mullaitivu,2026-09-17 13:18:00Z,20.0,36.0,0.4,light (20-30 dBZ)
Puthukkudiyiruppu,Mullaitivu,2026-09-17 14:01:00Z,20.0,36.0,0.4,light (20-30 dBZ)
Puthukkudiyiruppu,Mullaitivu,2026-09-17 15:01:00Z,20.0,36.0,0.4,light (20-30 dBZ)
Puthukkudiyiruppu,Mullaitivu,2026-09-17 16:01:00Z,20.0,36.0,0.4,light (20-30 dBZ)
Puthukkudiyiruppu,Mullaitivu,2026-09-20 06:52:23Z,20.0,36.0,0.4,light (20-30 dBZ)
Puthukkudiyiruppu,Mullaitivu,2026-09-21 12:52:22Z,20.0,36.0,0.4,light (20-30 dBZ)
Puthukkudiyiruppu,Mullaitivu,2026-09-22 04:32:22Z,22.7,36.0,0.7,light (20-30 dBZ)
Puthukkudiyiruppu,Mullaitivu,2026-09-22 13:01:00Z,22.7,36.0,0.7,light (20-30 dBZ)
Puthukkudiyiruppu,Mullaitivu,2026-09-22 14:01:00Z,22.7,36.0,0.7,light (20-30 dBZ)
Puthukkudiyiruppu,Mullaitivu,2026-09-22 14:37:00Z,22.7,36.0,0.7,light (20-30 dBZ)
Puthukkudiyiruppu,Mullaitivu,2026-09-22 15:03:00Z,22.7,36.0,0.7,light (20-30 dBZ)
Puthukkudiyiruppu,Mullaitivu,2026-09-23 14:36:09Z,20.0,36.0,0.4,light (20-30 dBZ)
Puthukkudiyiruppu,Mullaitivu,2026-09-23 14:46:09Z,22.7,36.0,0.7,light (20-30 dBZ)
Puthukkudiyiruppu,Mullaitivu,2026-09-23 15:01:00Z,22.7,36.0,0.7,light (20-30 dBZ)
Puthukkudiyiruppu,Mullaitivu,2026-09-23 16:01:00Z,22.7,36.0,0.7,light (20-30 dBZ)
Puthukkudiyiruppu,Mullaitivu,2026-09-23 16:40:00Z,22.7,36.0,0.7,light (20-30 dBZ)
Puthukkudiyiruppu,Mullaitivu,2026-09-23 17:01:00Z,22.7,36.0,0.7,light (20-30 dBZ)
Puthukkudiyiruppu,Mullaitivu,2026-09-23 19:01:00Z,20.0,36.0,0.4,light (20-30 dBZ)
Puthukkudiyiruppu,Mullaitivu,2026-09-23 20:00:00Z,20.0,36.0,0.4,light (20-30 dBZ)
Puthukkudiyiruppu,Mullaitivu,2026-09-23 21:01:00Z,20.0,36.0,0.4,light (20-30 dBZ)
Puthukkudiyiruppu,Mullaitivu,2026-09-23 22:01:00Z,20.0,36.0,0.4,light (20-30 dBZ)
Puthukkudiyiruppu,Mullaitivu,2026-09-24 07:01:00Z,22.7,36.0,0.7,light (20-30 dBZ)
Puthukkudiyiruppu,Mullaitivu,2026-09-24 08:01:00Z,22.7,36.0,0.7,light (20-30 dBZ)
Puthukkudiyiruppu,Mullaitivu,2026-09-24 09:01:00Z,22.7,36.0,0.7,light (20-30 dBZ)
Puthukkudiyiruppu,Mullaitivu,2026-09-24 09:51:00Z,22.7,36.0,0.7,light (20-30 dBZ)
Puthukkudiyiruppu,Mullaitivu,2026-09-24 11:01:00Z,22.7,36.0,0.7,light (20-30 dBZ)
Puthukkudiyiruppu,Mullaitivu,2026-09-24 12:01:00Z,22.7,36.0,0.7,light (20-30 dBZ)
Puthukkudiyiruppu,Mullaitivu,2026-09-29 08:22:23Z,20.0,40.0,1.2,light (20-30 dBZ)
Puthukkudiyiruppu,Mullaitivu,2026-09-29 10:32:22Z,22.7,12.0,2.1,light (20-30 dBZ)
Puthukkudiyiruppu,Mullaitivu,2026-09-29 10:42:23Z,44.0,24.0,1.4,heavy (40-50 dBZ)
Puthukkudiyiruppu,Mullaitivu,2026-09-29 10:52:23Z,30.7,32.0,1.2,moderate (30-40 dBZ)
Puthukkudiyiruppu,Mullaitivu,2026-09-29 11:02:22Z,28.0,68.0,0.4,light (20-30 dBZ)
Puthukkudiyiruppu,Mullaitivu,2026-09-30 07:02:22Z,20.0,16.0,1.5,light (20-30 dBZ)
Sandilipay,Jaffna,2026-09-17 12:12:26Z,25.3,80.0,0.3,light (20-30 dBZ)
Sandilipay,Jaffna,2026-09-17 13:00:00Z,25.3,80.0,0.3,light (20-30 dBZ)
Sandilipay,Jaffna,2026-09-17 13:18:00Z,25.3,80.0,0.3,light (20-30 dBZ)
Sandilipay,Jaffna,2026-09-17 14:01:00Z,25.3,80.0,0.3,light (20-30 dBZ)
Sandilipay,Jaffna,2026-09-17 15:01:00Z,25.3,80.0,0.3,light (20-30 dBZ)
Sandilipay,Jaffna,2026-09-17 16:01:00Z,25.3,80.0,0.3,light (20-30 dBZ)
Sandilipay,Jaffna,2026-09-20 06:52:23Z,25.3,80.0,0.3,light (20-30 dBZ)
Sandilipay,Jaffna,2026-09-21 12:52:22Z,25.3,100.0,0.3,light (20-30 dBZ)
Sandilipay,Jaffna,2026-09-22 04:32:22Z,25.3,96.0,0.3,light (20-30 dBZ)
Sandilipay,Jaffna,2026-09-22 13:01:00Z,25.3,96.0,0.3,light (20-30 dBZ)
Sandilipay,Jaffna,2026-09-22 14:01:00Z,25.3,96.0,0.3,light (20-30 dBZ)
Sandilipay,Jaffna,2026-09-22 14:37:00Z,25.3,96.0,0.3,light (20-30 dBZ)
Sandilipay,Jaffna,2026-09-22 15:03:00Z,25.3,96.0,0.3,light (20-30 dBZ)
Sandilipay,Jaffna,2026-09-22 15:46:05Z,20.0,8.0,1.8,light (20-30 dBZ)
Sandilipay,Jaffna,2026-09-22 16:01:00Z,20.0,8.0,1.8,light (20-30 dBZ)
Sandilipay,Jaffna,2026-09-23 14:36:09Z,25.3,80.0,0.3,light (20-30 dBZ)
Sandilipay,Jaffna,2026-09-23 14:46:09Z,25.3,96.0,0.3,light (20-30 dBZ)
Sandilipay,Jaffna,2026-09-23 15:01:00Z,25.3,96.0,0.3,light (20-30 dBZ)
Sandilipay,Jaffna,2026-09-23 16:01:00Z,25.3,96.0,0.3,light (20-30 dBZ)
Sandilipay,Jaffna,2026-09-23 16:40:00Z,25.3,96.0,0.3,light (20-30 dBZ)
Sandilipay,Jaffna,2026-09-23 17:01:00Z,25.3,96.0,0.3,light (20-30 dBZ)
Sandilipay,Jaffna,2026-09-23 18:36:42Z,20.0,8.0,1.8,light (20-30 dBZ)
Sandilipay,Jaffna,2026-09-23 19:01:00Z,25.3,80.0,0.3,light (20-30 dBZ)
Sandilipay,Jaffna,2026-09-23 20:00:00Z,25.3,80.0,0.3,light (20-30 dBZ)
Sandilipay,Jaffna,2026-09-23 21:01:00Z,25.3,80.0,0.3,light (20-30 dBZ)
Sandilipay,Jaffna,2026-09-23 22:01:00Z,25.3,80.0,0.3,light (20-30 dBZ)
Sandilipay,Jaffna,2026-09-24 07:01:00Z,25.3,96.0,0.3,light (20-30 dBZ)
Sandilipay,Jaffna,2026-09-24 08:01:00Z,25.3,96.0,0.3,light (20-30 dBZ)
Sandilipay,Jaffna,2026-09-24 09:01:00Z,25.3,96.0,0.3,light (20-30 dBZ)
Sandilipay,Jaffna,2026-09-24 09:51:00Z,25.3,96.0,0.3,light (20-30 dBZ)
Sandilipay,Jaffna,2026-09-24 11:01:00Z,25.3,96.0,0.3,light (20-30 dBZ)
Sandilipay,Jaffna,2026-09-24 12:01:00Z,25.3,96.0,0.3,light (20-30 dBZ)
Sandilipay,Jaffna,2026-09-24 13:01:00Z,20.0,8.0,1.8,light (20-30 dBZ)
Sandilipay,Jaffna,2026-09-24 18:59:00Z,20.0,8.0,1.8,light (20-30 dBZ)
Sandilipay,Jaffna,2026-09-24 19:01:00Z,20.0,8.0,1.8,light (20-30 dBZ)
Sandilipay,Jaffna,2026-09-26 02:42:22Z,20.0,8.0,1.8,light (20-30 dBZ)
Sandilipay,Jaffna,2026-10-02 06:12:22Z,20.0,4.0,2.2,light (20-30 dBZ)
Sandilipay,Jaffna,2026-10-02 06:22:23Z,20.0,4.0,2.9,light (20-30 dBZ)
Sandilipay,Jaffna,2026-10-02 06:32:23Z,20.0,12.0,1.3,light (20-30 dBZ)
Sandilipay,Jaffna,2026-10-02 06:52:23Z,28.0,32.0,0.3,light (20-30 dBZ)
Sandilipay,Jaffna,2026-10-02 07:02:25Z,20.0,12.0,2.1,light (20-30 dBZ)
Sandilipay,Jaffna,2026-10-03 10:12:22Z,41.3,68.0,0.2,heavy (40-50 dBZ)
Sandilipay,Jaffna,2026-10-03 19:02:22Z,20.0,4.0,2.9,light (20-30 dBZ)
Sandilipay,Jaffna,2026-10-04 08:02:26Z,28.0,56.0,0.3,light (20-30 dBZ)
Sandilipay,Jaffna,2026-10-04 08:22:27Z,30.7,44.0,0.9,moderate (30-40 dBZ)
Sandilipay,Jaffna,2026-10-04 08:32:27Z,25.3,32.0,0.4,light (20-30 dBZ)
Soranpattu,Kilinochchi,2026-09-15 12:42:27Z,20.0,12.0,1.3,light (20-30 dBZ)
Soranpattu,Kilinochchi,2026-09-15 13:00:00Z,20.0,12.0,1.3,light (20-30 dBZ)
Soranpattu,Kilinochchi,2026-09-15 13:02:30Z,20.0,8.0,1.5,light (20-30 dBZ)
Soranpattu,Kilinochchi,2026-09-15 13:24:00Z,20.0,8.0,1.5,light (20-30 dBZ)
Soranpattu,Kilinochchi,2026-09-15 23:55:12Z,20.0,4.0,2.2,light (20-30 dBZ)
Soranpattu,Kilinochchi,2026-09-16 00:10:00Z,20.0,4.0,2.2,light (20-30 dBZ)
Soranpattu,Kilinochchi,2026-09-16 12:23:19Z,30.7,24.0,1.3,moderate (30-40 dBZ)
Soranpattu,Kilinochchi,2026-09-16 13:02:26Z,20.0,8.0,1.3,light (20-30 dBZ)
Soranpattu,Kilinochchi,2026-09-17 12:12:26Z,25.3,84.0,0.1,light (20-30 dBZ)
Soranpattu,Kilinochchi,2026-09-17 13:00:00Z,25.3,84.0,0.1,light (20-30 dBZ)
Soranpattu,Kilinochchi,2026-09-17 13:18:00Z,25.3,84.0,0.1,light (20-30 dBZ)
Soranpattu,Kilinochchi,2026-09-17 14:01:00Z,25.3,84.0,0.1,light (20-30 dBZ)
Soranpattu,Kilinochchi,2026-09-17 15:01:00Z,25.3,84.0,0.1,light (20-30 dBZ)
Soranpattu,Kilinochchi,2026-09-17 16:01:00Z,25.3,84.0,0.1,light (20-30 dBZ)
Soranpattu,Kilinochchi,2026-09-20 06:52:23Z,25.3,84.0,0.1,light (20-30 dBZ)
Soranpattu,Kilinochchi,2026-09-21 12:52:22Z,25.3,88.0,0.1,light (20-30 dBZ)
Soranpattu,Kilinochchi,2026-09-22 04:32:22Z,22.7,92.0,0.1,light (20-30 dBZ)
Soranpattu,Kilinochchi,2026-09-22 13:01:00Z,22.7,92.0,0.1,light (20-30 dBZ)
Soranpattu,Kilinochchi,2026-09-22 14:01:00Z,22.7,92.0,0.1,light (20-30 dBZ)
Soranpattu,Kilinochchi,2026-09-22 14:37:00Z,22.7,92.0,0.1,light (20-30 dBZ)
Soranpattu,Kilinochchi,2026-09-22 15:03:00Z,22.7,92.0,0.1,light (20-30 dBZ)
Soranpattu,Kilinochchi,2026-09-22 15:46:05Z,20.0,4.0,2.1,light (20-30 dBZ)
Soranpattu,Kilinochchi,2026-09-22 16:01:00Z,20.0,4.0,2.1,light (20-30 dBZ)
Soranpattu,Kilinochchi,2026-09-23 14:36:09Z,25.3,84.0,0.1,light (20-30 dBZ)
Soranpattu,Kilinochchi,2026-09-23 14:46:09Z,22.7,92.0,0.1,light (20-30 dBZ)
Soranpattu,Kilinochchi,2026-09-23 15:01:00Z,22.7,92.0,0.1,light (20-30 dBZ)
Soranpattu,Kilinochchi,2026-09-23 16:01:00Z,22.7,92.0,0.1,light (20-30 dBZ)
Soranpattu,Kilinochchi,2026-09-23 16:40:00Z,22.7,92.0,0.1,light (20-30 dBZ)
Soranpattu,Kilinochchi,2026-09-23 17:01:00Z,22.7,92.0,0.1,light (20-30 dBZ)
Soranpattu,Kilinochchi,2026-09-23 18:36:42Z,20.0,4.0,2.1,light (20-30 dBZ)
Soranpattu,Kilinochchi,2026-09-23 19:01:00Z,25.3,84.0,0.1,light (20-30 dBZ)
Soranpattu,Kilinochchi,2026-09-23 20:00:00Z,25.3,84.0,0.1,light (20-30 dBZ)
Soranpattu,Kilinochchi,2026-09-23 21:01:00Z,25.3,84.0,0.1,light (20-30 dBZ)
Soranpattu,Kilinochchi,2026-09-23 22:01:00Z,25.3,84.0,0.1,light (20-30 dBZ)
Soranpattu,Kilinochchi,2026-09-24 07:01:00Z,22.7,92.0,0.1,light (20-30 dBZ)
Soranpattu,Kilinochchi,2026-09-24 08:01:00Z,22.7,92.0,0.1,light (20-30 dBZ)
Soranpattu,Kilinochchi,2026-09-24 09:01:00Z,22.7,92.0,0.1,light (20-30 dBZ)
Soranpattu,Kilinochchi,2026-09-24 09:51:00Z,22.7,92.0,0.1,light (20-30 dBZ)
Soranpattu,Kilinochchi,2026-09-24 11:01:00Z,22.7,92.0,0.1,light (20-30 dBZ)
Soranpattu,Kilinochchi,2026-09-24 12:01:00Z,22.7,92.0,0.1,light (20-30 dBZ)
Soranpattu,Kilinochchi,2026-09-24 13:01:00Z,20.0,4.0,2.1,light (20-30 dBZ)
Soranpattu,Kilinochchi,2026-09-24 18:59:00Z,20.0,4.0,2.1,light (20-30 dBZ)
Soranpattu,Kilinochchi,2026-09-24 19:01:00Z,20.0,4.0,2.1,light (20-30 dBZ)
Soranpattu,Kilinochchi,2026-09-26 02:42:22Z,20.0,4.0,2.1,light (20-30 dBZ)
Soranpattu,Kilinochchi,2026-09-26 12:42:23Z,20.0,12.0,0.9,light (20-30 dBZ)
Soranpattu,Kilinochchi,2026-09-26 12:52:23Z,20.0,16.0,1.3,light (20-30 dBZ)
Soranpattu,Kilinochchi,2026-09-26 13:01:00Z,20.0,12.0,0.9,light (20-30 dBZ)
Soranpattu,Kilinochchi,2026-09-26 13:12:22Z,22.7,12.0,1.3,light (20-30 dBZ)
Soranpattu,Kilinochchi,2026-09-26 13:22:22Z,46.7,32.0,0.9,heavy (40-50 dBZ)
Soranpattu,Kilinochchi,2026-09-26 13:42:23Z,41.3,28.0,0.9,heavy (40-50 dBZ)
Soranpattu,Kilinochchi,2026-09-26 13:52:23Z,36.0,36.0,0.9,moderate (30-40 dBZ)
Soranpattu,Kilinochchi,2026-09-26 14:00:00Z,41.3,28.0,0.9,heavy (40-50 dBZ)
Soranpattu,Kilinochchi,2026-09-26 14:22:22Z,28.0,24.0,0.9,light (20-30 dBZ)
Soranpattu,Kilinochchi,2026-09-26 14:32:22Z,28.0,24.0,0.9,light (20-30 dBZ)
Soranpattu,Kilinochchi,2026-09-26 14:42:23Z,28.0,28.0,0.9,light (20-30 dBZ)
Soranpattu,Kilinochchi,2026-09-26 14:52:23Z,25.3,28.0,0.9,light (20-30 dBZ)
Soranpattu,Kilinochchi,2026-09-26 15:01:00Z,28.0,28.0,0.9,light (20-30 dBZ)
Soranpattu,Kilinochchi,2026-09-26 15:02:22Z,20.0,8.0,1.3,light (20-30 dBZ)
Soranpattu,Kilinochchi,2026-09-26 15:22:23Z,22.7,12.0,1.3,light (20-30 dBZ)
Soranpattu,Kilinochchi,2026-09-26 15:32:22Z,20.0,16.0,0.9,light (20-30 dBZ)
Soranpattu,Kilinochchi,2026-09-26 15:42:23Z,28.0,12.0,1.3,light (20-30 dBZ)
Soranpattu,Kilinochchi,2026-09-26 15:52:22Z,28.0,24.0,0.9,light (20-30 dBZ)
Soranpattu,Kilinochchi,2026-09-26 16:00:00Z,28.0,12.0,1.3,light (20-30 dBZ)
Soranpattu,Kilinochchi,2026-09-26 16:02:22Z,28.0,12.0,0.9,light (20-30 dBZ)
Soranpattu,Kilinochchi,2026-09-26 16:22:22Z,25.3,16.0,1.3,light (20-30 dBZ)
Soranpattu,Kilinochchi,2026-09-26 16:42:23Z,28.0,24.0,0.9,light (20-30 dBZ)
Soranpattu,Kilinochchi,2026-09-26 16:52:23Z,20.0,12.0,0.9,light (20-30 dBZ)
Soranpattu,Kilinochchi,2026-09-26 17:01:00Z,28.0,24.0,0.9,light (20-30 dBZ)
Soranpattu,Kilinochchi,2026-09-26 17:02:22Z,52.0,28.0,0.9,very heavy (>50 dBZ)
Soranpattu,Kilinochchi,2026-09-27 18:02:22Z,22.7,12.0,0.9,light (20-30 dBZ)
Soranpattu,Kilinochchi,2026-09-27 18:14:00Z,22.7,12.0,0.9,light (20-30 dBZ)
Soranpattu,Kilinochchi,2026-09-28 13:02:22Z,20.0,8.0,2.2,light (20-30 dBZ)
Soranpattu,Kilinochchi,2026-09-28 15:32:23Z,25.3,24.0,1.0,light (20-30 dBZ)
Soranpattu,Kilinochchi,2026-09-29 17:12:23Z,20.0,4.0,2.2,light (20-30 dBZ)
Soranpattu,Kilinochchi,2026-09-29 17:22:23Z,20.0,12.0,0.9,light (20-30 dBZ)
Soranpattu,Kilinochchi,2026-09-29 17:42:23Z,28.0,24.0,0.9,light (20-30 dBZ)
Soranpattu,Kilinochchi,2026-09-30 12:12:23Z,20.0,4.0,2.2,light (20-30 dBZ)
Soranpattu,Kilinochchi,2026-09-30 14:52:23Z,28.0,4.0,2.8,light (20-30 dBZ)
Soranpattu,Kilinochchi,2026-09-30 16:12:23Z,20.0,12.0,0.9,light (20-30 dBZ)
Soranpattu,Kilinochchi,2026-10-01 10:52:22Z,20.0,12.0,0.9,light (20-30 dBZ)
Soranpattu,Kilinochchi,2026-10-04 06:42:22Z,20.0,12.0,0.9,light (20-30 dBZ)
Tellippalai,Jaffna,2026-09-15 12:42:27Z,30.7,32.0,1.0,moderate (30-40 dBZ)
Tellippalai,Jaffna,2026-09-15 13:00:00Z,30.7,32.0,1.0,moderate (30-40 dBZ)
Tellippalai,Jaffna,2026-09-15 13:02:30Z,22.7,24.0,1.7,light (20-30 dBZ)
Tellippalai,Jaffna,2026-09-15 13:24:00Z,22.7,24.0,1.7,light (20-30 dBZ)
Tellippalai,Jaffna,2026-09-17 12:12:26Z,25.3,96.0,0.4,light (20-30 dBZ)
Tellippalai,Jaffna,2026-09-17 13:00:00Z,25.3,96.0,0.4,light (20-30 dBZ)
Tellippalai,Jaffna,2026-09-17 13:18:00Z,25.3,96.0,0.4,light (20-30 dBZ)
Tellippalai,Jaffna,2026-09-17 14:01:00Z,25.3,96.0,0.4,light (20-30 dBZ)
Tellippalai,Jaffna,2026-09-17 15:01:00Z,25.3,96.0,0.4,light (20-30 dBZ)
Tellippalai,Jaffna,2026-09-17 16:01:00Z,25.3,96.0,0.4,light (20-30 dBZ)
Tellippalai,Jaffna,2026-09-20 06:52:23Z,25.3,96.0,0.4,light (20-30 dBZ)
Tellippalai,Jaffna,2026-09-21 12:52:22Z,25.3,96.0,0.4,light (20-30 dBZ)
Tellippalai,Jaffna,2026-09-22 04:32:22Z,25.3,88.0,0.4,light (20-30 dBZ)
Tellippalai,Jaffna,2026-09-22 13:01:00Z,25.3,88.0,0.4,light (20-30 dBZ)
Tellippalai,Jaffna,2026-09-22 14:01:00Z,25.3,88.0,0.4,light (20-30 dBZ)
Tellippalai,Jaffna,2026-09-22 14:37:00Z,25.3,88.0,0.4,light (20-30 dBZ)
Tellippalai,Jaffna,2026-09-22 15:03:00Z,25.3,88.0,0.4,light (20-30 dBZ)
Tellippalai,Jaffna,2026-09-22 15:46:05Z,28.0,100.0,0.4,light (20-30 dBZ)
Tellippalai,Jaffna,2026-09-22 16:01:00Z,28.0,100.0,0.4,light (20-30 dBZ)
Tellippalai,Jaffna,2026-09-23 14:36:09Z,25.3,96.0,0.4,light (20-30 dBZ)
Tellippalai,Jaffna,2026-09-23 14:46:09Z,25.3,88.0,0.4,light (20-30 dBZ)
Tellippalai,Jaffna,2026-09-23 15:01:00Z,25.3,88.0,0.4,light (20-30 dBZ)
Tellippalai,Jaffna,2026-09-23 16:01:00Z,25.3,88.0,0.4,light (20-30 dBZ)
Tellippalai,Jaffna,2026-09-23 16:40:00Z,25.3,88.0,0.4,light (20-30 dBZ)
Tellippalai,Jaffna,2026-09-23 17:01:00Z,25.3,88.0,0.4,light (20-30 dBZ)
Tellippalai,Jaffna,2026-09-23 18:36:42Z,28.0,100.0,0.4,light (20-30 dBZ)
Tellippalai,Jaffna,2026-09-23 19:01:00Z,25.3,96.0,0.4,light (20-30 dBZ)
Tellippalai,Jaffna,2026-09-23 20:00:00Z,25.3,96.0,0.4,light (20-30 dBZ)
Tellippalai,Jaffna,2026-09-23 21:01:00Z,25.3,96.0,0.4,light (20-30 dBZ)
Tellippalai,Jaffna,2026-09-23 22:01:00Z,25.3,96.0,0.4,light (20-30 dBZ)
Tellippalai,Jaffna,2026-09-24 07:01:00Z,25.3,88.0,0.4,light (20-30 dBZ)
Tellippalai,Jaffna,2026-09-24 08:01:00Z,25.3,88.0,0.4,light (20-30 dBZ)
Tellippalai,Jaffna,2026-09-24 09:01:00Z,25.3,88.0,0.4,light (20-30 dBZ)
Tellippalai,Jaffna,2026-09-24 09:51:00Z,25.3,88.0,0.4,light (20-30 dBZ)
Tellippalai,Jaffna,2026-09-24 11:01:00Z,25.3,88.0,0.4,light (20-30 dBZ)
Tellippalai,Jaffna,2026-09-24 12:01:00Z,25.3,88.0,0.4,light (20-30 dBZ)
Tellippalai,Jaffna,2026-09-24 13:01:00Z,28.0,100.0,0.4,light (20-30 dBZ)
Tellippalai,Jaffna,2026-09-24 18:59:00Z,28.0,100.0,0.4,light (20-30 dBZ)
Tellippalai,Jaffna,2026-09-24 19:01:00Z,28.0,100.0,0.4,light (20-30 dBZ)
Tellippalai,Jaffna,2026-09-26 02:42:22Z,28.0,100.0,0.4,light (20-30 dBZ)
Tellippalai,Jaffna,2026-09-26 10:42:22Z,20.0,12.0,0.4,light (20-30 dBZ)
Tellippalai,Jaffna,2026-09-26 14:52:23Z,30.7,20.0,1.2,moderate (30-40 dBZ)
Tellippalai,Jaffna,2026-09-26 15:02:22Z,25.3,24.0,0.7,light (20-30 dBZ)
Tellippalai,Jaffna,2026-09-26 16:22:22Z,25.3,20.0,0.7,light (20-30 dBZ)
Tellippalai,Jaffna,2026-09-26 16:32:23Z,25.3,20.0,0.7,light (20-30 dBZ)
Tellippalai,Jaffna,2026-09-26 17:22:22Z,25.3,60.0,0.4,light (20-30 dBZ)
Tellippalai,Jaffna,2026-09-26 17:52:23Z,22.7,40.0,0.4,light (20-30 dBZ)
Tellippalai,Jaffna,2026-09-27 14:22:23Z,20.0,20.0,0.7,light (20-30 dBZ)
Tellippalai,Jaffna,2026-09-30 13:02:24Z,20.0,8.0,1.3,light (20-30 dBZ)
Tellippalai,Jaffna,2026-10-01 11:12:23Z,22.7,8.0,2.5,light (20-30 dBZ)
Tellippalai,Jaffna,2026-10-03 18:02:23Z,20.0,8.0,2.5,light (20-30 dBZ)
Tellippalai,Jaffna,2026-10-04 08:02:26Z,44.0,48.0,0.4,heavy (40-50 dBZ)
Tellippalai,Jaffna,2026-10-04 08:22:27Z,33.3,32.0,0.4,moderate (30-40 dBZ)
Tellippalai,Jaffna,2026-10-04 08:32:27Z,46.7,52.0,0.4,heavy (40-50 dBZ)
Thunukkai,Mullaitivu,2026-09-15 09:02:44Z,20.0,4.0,2.6,light (20-30 dBZ)
Thunukkai,Mullaitivu,2026-09-15 10:05:00Z,20.0,4.0,2.6,light (20-30 dBZ)
Thunukkai,Mullaitivu,2026-09-17 12:12:26Z,20.0,72.0,1.0,light (20-30 dBZ)
Thunukkai,Mullaitivu,2026-09-17 13:00:00Z,20.0,72.0,1.0,light (20-30 dBZ)
Thunukkai,Mullaitivu,2026-09-17 13:18:00Z,20.0,72.0,1.0,light (20-30 dBZ)
Thunukkai,Mullaitivu,2026-09-17 14:01:00Z,20.0,72.0,1.0,light (20-30 dBZ)
Thunukkai,Mullaitivu,2026-09-17 15:01:00Z,20.0,72.0,1.0,light (20-30 dBZ)
Thunukkai,Mullaitivu,2026-09-17 16:01:00Z,20.0,72.0,1.0,light (20-30 dBZ)
Thunukkai,Mullaitivu,2026-09-20 06:52:23Z,20.0,72.0,1.0,light (20-30 dBZ)
Thunukkai,Mullaitivu,2026-09-21 12:52:22Z,20.0,88.0,0.1,light (20-30 dBZ)
Thunukkai,Mullaitivu,2026-09-22 04:32:22Z,30.7,72.0,0.9,moderate (30-40 dBZ)
Thunukkai,Mullaitivu,2026-09-22 13:01:00Z,30.7,72.0,0.9,moderate (30-40 dBZ)
Thunukkai,Mullaitivu,2026-09-22 14:01:00Z,30.7,72.0,0.9,moderate (30-40 dBZ)
Thunukkai,Mullaitivu,2026-09-22 14:37:00Z,30.7,72.0,0.9,moderate (30-40 dBZ)
Thunukkai,Mullaitivu,2026-09-22 15:03:00Z,30.7,72.0,0.9,moderate (30-40 dBZ)
Thunukkai,Mullaitivu,2026-09-23 14:36:09Z,20.0,72.0,1.0,light (20-30 dBZ)
Thunukkai,Mullaitivu,2026-09-23 14:46:09Z,30.7,72.0,0.9,moderate (30-40 dBZ)
Thunukkai,Mullaitivu,2026-09-23 15:01:00Z,30.7,72.0,0.9,moderate (30-40 dBZ)
Thunukkai,Mullaitivu,2026-09-23 16:01:00Z,30.7,72.0,0.9,moderate (30-40 dBZ)
Thunukkai,Mullaitivu,2026-09-23 16:40:00Z,30.7,72.0,0.9,moderate (30-40 dBZ)
Thunukkai,Mullaitivu,2026-09-23 17:01:00Z,30.7,72.0,0.9,moderate (30-40 dBZ)
Thunukkai,Mullaitivu,2026-09-23 19:01:00Z,20.0,72.0,1.0,light (20-30 dBZ)
Thunukkai,Mullaitivu,2026-09-23 20:00:00Z,20.0,72.0,1.0,light (20-30 dBZ)
Thunukkai,Mullaitivu,2026-09-23 21:01:00Z,20.0,72.0,1.0,light (20-30 dBZ)
Thunukkai,Mullaitivu,2026-09-23 22:01:00Z,20.0,72.0,1.0,light (20-30 dBZ)
Thunukkai,Mullaitivu,2026-09-24 07:01:00Z,30.7,72.0,0.9,moderate (30-40 dBZ)
Thunukkai,Mullaitivu,2026-09-24 08:01:00Z,30.7,72.0,0.9,moderate (30-40 dBZ)
Thunukkai,Mullaitivu,2026-09-24 09:01:00Z,30.7,72.0,0.9,moderate (30-40 dBZ)
Thunukkai,Mullaitivu,2026-09-24 09:51:00Z,30.7,72.0,0.9,moderate (30-40 dBZ)
Thunukkai,Mullaitivu,2026-09-24 11:01:00Z,30.7,72.0,0.9,moderate (30-40 dBZ)
Thunukkai,Mullaitivu,2026-09-24 12:01:00Z,30.7,72.0,0.9,moderate (30-40 dBZ)
Thunukkai,Mullaitivu,2026-10-01 10:12:23Z,20.0,12.0,1.0,light (20-30 dBZ)
Thunukkai,Mullaitivu,2026-10-01 10:22:22Z,20.0,40.0,1.1,light (20-30 dBZ)
Thunukkai,Mullaitivu,2026-10-01 10:32:22Z,41.3,84.0,0.1,heavy (40-50 dBZ)
Thunukkai,Mullaitivu,2026-10-01 10:52:22Z,30.7,100.0,0.1,moderate (30-40 dBZ)
Thunukkai,Mullaitivu,2026-10-01 11:12:23Z,38.7,56.0,0.1,moderate (30-40 dBZ)
Thunukkai,Mullaitivu,2026-10-02 07:02:25Z,25.3,28.0,0.1,light (20-30 dBZ)
Thunukkai,Mullaitivu,2026-10-02 08:32:22Z,22.7,8.0,2.1,light (20-30 dBZ)
Thunukkai,Mullaitivu,2026-10-02 08:42:23Z,20.0,16.0,1.0,light (20-30 dBZ)
Thunukkai,Mullaitivu,2026-10-02 08:52:22Z,20.0,16.0,0.9,light (20-30 dBZ)
Thunukkai,Mullaitivu,2026-10-02 09:02:23Z,28.0,12.0,2.2,light (20-30 dBZ)
Thunukkai,Mullaitivu,2026-10-02 10:12:26Z,25.3,16.0,1.9,light (20-30 dBZ)
Thunukkai,Mullaitivu,2026-10-03 08:32:22Z,25.3,8.0,2.1,light (20-30 dBZ)
Thunukkai,Mullaitivu,2026-10-03 08:52:22Z,33.3,56.0,0.1,moderate (30-40 dBZ)
Thunukkai,Mullaitivu,2026-10-03 09:02:22Z,25.3,48.0,0.1,light (20-30 dBZ)
Thunukkai,Mullaitivu,2026-10-03 16:22:23Z,20.0,8.0,1.9,light (20-30 dBZ)
Thunukkai,Mullaitivu,2026-10-04 08:22:27Z,25.3,64.0,0.1,light (20-30 dBZ)
Thunukkai,Mullaitivu,2026-10-04 08:32:27Z,36.0,76.0,0.1,moderate (30-40 dBZ)
Uduvil,Jaffna,2026-09-15 12:42:27Z,20.0,16.0,1.8,light (20-30 dBZ)
Uduvil,Jaffna,2026-09-15 13:00:00Z,20.0,16.0,1.8,light (20-30 dBZ)
Uduvil,Jaffna,2026-09-17 12:12:26Z,25.3,88.0,0.5,light (20-30 dBZ)
Uduvil,Jaffna,2026-09-17 13:00:00Z,25.3,88.0,0.5,light (20-30 dBZ)
Uduvil,Jaffna,2026-09-17 13:18:00Z,25.3,88.0,0.5,light (20-30 dBZ)
Uduvil,Jaffna,2026-09-17 14:01:00Z,25.3,88.0,0.5,light (20-30 dBZ)
Uduvil,Jaffna,2026-09-17 15:01:00Z,25.3,88.0,0.5,light (20-30 dBZ)
Uduvil,Jaffna,2026-09-17 16:01:00Z,25.3,88.0,0.5,light (20-30 dBZ)
Uduvil,Jaffna,2026-09-20 06:52:23Z,25.3,88.0,0.5,light (20-30 dBZ)
Uduvil,Jaffna,2026-09-21 12:52:22Z,25.3,100.0,0.5,light (20-30 dBZ)
Uduvil,Jaffna,2026-09-22 04:32:22Z,25.3,92.0,0.5,light (20-30 dBZ)
Uduvil,Jaffna,2026-09-22 13:01:00Z,25.3,92.0,0.5,light (20-30 dBZ)
Uduvil,Jaffna,2026-09-22 14:01:00Z,25.3,92.0,0.5,light (20-30 dBZ)
Uduvil,Jaffna,2026-09-22 14:37:00Z,25.3,92.0,0.5,light (20-30 dBZ)
Uduvil,Jaffna,2026-09-22 15:03:00Z,25.3,92.0,0.5,light (20-30 dBZ)
Uduvil,Jaffna,2026-09-22 15:46:05Z,28.0,44.0,0.6,light (20-30 dBZ)
Uduvil,Jaffna,2026-09-22 16:01:00Z,28.0,44.0,0.6,light (20-30 dBZ)
Uduvil,Jaffna,2026-09-23 14:36:09Z,25.3,88.0,0.5,light (20-30 dBZ)
Uduvil,Jaffna,2026-09-23 14:46:09Z,25.3,92.0,0.5,light (20-30 dBZ)
Uduvil,Jaffna,2026-09-23 15:01:00Z,25.3,92.0,0.5,light (20-30 dBZ)
Uduvil,Jaffna,2026-09-23 16:01:00Z,25.3,92.0,0.5,light (20-30 dBZ)
Uduvil,Jaffna,2026-09-23 16:40:00Z,25.3,92.0,0.5,light (20-30 dBZ)
Uduvil,Jaffna,2026-09-23 17:01:00Z,25.3,92.0,0.5,light (20-30 dBZ)
Uduvil,Jaffna,2026-09-23 18:36:42Z,28.0,44.0,0.6,light (20-30 dBZ)
Uduvil,Jaffna,2026-09-23 19:01:00Z,25.3,88.0,0.5,light (20-30 dBZ)
Uduvil,Jaffna,2026-09-23 20:00:00Z,25.3,88.0,0.5,light (20-30 dBZ)
Uduvil,Jaffna,2026-09-23 21:01:00Z,25.3,88.0,0.5,light (20-30 dBZ)
Uduvil,Jaffna,2026-09-23 22:01:00Z,25.3,88.0,0.5,light (20-30 dBZ)
Uduvil,Jaffna,2026-09-24 07:01:00Z,25.3,92.0,0.5,light (20-30 dBZ)
Uduvil,Jaffna,2026-09-24 08:01:00Z,25.3,92.0,0.5,light (20-30 dBZ)
Uduvil,Jaffna,2026-09-24 09:01:00Z,25.3,92.0,0.5,light (20-30 dBZ)
Uduvil,Jaffna,2026-09-24 09:51:00Z,25.3,92.0,0.5,light (20-30 dBZ)
Uduvil,Jaffna,2026-09-24 11:01:00Z,25.3,92.0,0.5,light (20-30 dBZ)
Uduvil,Jaffna,2026-09-24 12:01:00Z,25.3,92.0,0.5,light (20-30 dBZ)
Uduvil,Jaffna,2026-09-24 13:01:00Z,28.0,44.0,0.6,light (20-30 dBZ)
Uduvil,Jaffna,2026-09-24 18:59:00Z,28.0,44.0,0.6,light (20-30 dBZ)
Uduvil,Jaffna,2026-09-24 19:01:00Z,28.0,44.0,0.6,light (20-30 dBZ)
Uduvil,Jaffna,2026-09-26 02:42:22Z,28.0,44.0,0.6,light (20-30 dBZ)
Uduvil,Jaffna,2026-10-02 06:52:23Z,22.7,20.0,0.9,light (20-30 dBZ)
Uduvil,Jaffna,2026-10-02 07:02:25Z,20.0,28.0,0.6,light (20-30 dBZ)
Uduvil,Jaffna,2026-10-03 17:52:22Z,28.0,16.0,1.8,light (20-30 dBZ)
Uduvil,Jaffna,2026-10-03 18:02:23Z,20.0,44.0,0.5,light (20-30 dBZ)
Uduvil,Jaffna,2026-10-04 08:02:26Z,38.7,40.0,0.6,moderate (30-40 dBZ)
Uduvil,Jaffna,2026-10-04 08:22:27Z,36.0,24.0,0.9,moderate (30-40 dBZ)
Uduvil,Jaffna,2026-10-04 08:32:27Z,22.7,8.0,1.7,light (20-30 dBZ)
Urumpirai,Jaffna,2026-09-15 12:42:27Z,20.0,24.0,0.9,light (20-30 dBZ)
Urumpirai,Jaffna,2026-09-15 13:00:00Z,20.0,24.0,0.9,light (20-30 dBZ)
Urumpirai,Jaffna,2026-09-17 12:12:26Z,25.3,80.0,0.4,light (20-30 dBZ)
Urumpirai,Jaffna,2026-09-17 13:00:00Z,25.3,80.0,0.4,light (20-30 dBZ)
Urumpirai,Jaffna,2026-09-17 13:18:00Z,25.3,80.0,0.4,light (20-30 dBZ)
Urumpirai,Jaffna,2026-09-17 14:01:00Z,25.3,80.0,0.4,light (20-30 dBZ)
Urumpirai,Jaffna,2026-09-17 15:01:00Z,25.3,80.0,0.4,light (20-30 dBZ)
Urumpirai,Jaffna,2026-09-17 16:01:00Z,25.3,80.0,0.4,light (20-30 dBZ)
Urumpirai,Jaffna,2026-09-20 06:52:23Z,25.3,80.0,0.4,light (20-30 dBZ)
Urumpirai,Jaffna,2026-09-21 12:52:22Z,25.3,100.0,0.4,light (20-30 dBZ)
Urumpirai,Jaffna,2026-09-22 04:32:22Z,25.3,96.0,0.4,light (20-30 dBZ)
Urumpirai,Jaffna,2026-09-22 13:01:00Z,25.3,96.0,0.4,light (20-30 dBZ)
Urumpirai,Jaffna,2026-09-22 14:01:00Z,25.3,96.0,0.4,light (20-30 dBZ)
Urumpirai,Jaffna,2026-09-22 14:37:00Z,25.3,96.0,0.4,light (20-30 dBZ)
Urumpirai,Jaffna,2026-09-22 15:03:00Z,25.3,96.0,0.4,light (20-30 dBZ)
Urumpirai,Jaffna,2026-09-22 15:46:05Z,28.0,44.0,1.2,light (20-30 dBZ)
Urumpirai,Jaffna,2026-09-22 16:01:00Z,28.0,44.0,1.2,light (20-30 dBZ)
Urumpirai,Jaffna,2026-09-23 14:36:09Z,25.3,80.0,0.4,light (20-30 dBZ)
Urumpirai,Jaffna,2026-09-23 14:46:09Z,25.3,96.0,0.4,light (20-30 dBZ)
Urumpirai,Jaffna,2026-09-23 15:01:00Z,25.3,96.0,0.4,light (20-30 dBZ)
Urumpirai,Jaffna,2026-09-23 16:01:00Z,25.3,96.0,0.4,light (20-30 dBZ)
Urumpirai,Jaffna,2026-09-23 16:40:00Z,25.3,96.0,0.4,light (20-30 dBZ)
Urumpirai,Jaffna,2026-09-23 17:01:00Z,25.3,96.0,0.4,light (20-30 dBZ)
Urumpirai,Jaffna,2026-09-23 18:36:42Z,28.0,44.0,1.2,light (20-30 dBZ)
Urumpirai,Jaffna,2026-09-23 19:01:00Z,25.3,80.0,0.4,light (20-30 dBZ)
Urumpirai,Jaffna,2026-09-23 20:00:00Z,25.3,80.0,0.4,light (20-30 dBZ)
Urumpirai,Jaffna,2026-09-23 21:01:00Z,25.3,80.0,0.4,light (20-30 dBZ)
Urumpirai,Jaffna,2026-09-23 22:01:00Z,25.3,80.0,0.4,light (20-30 dBZ)
Urumpirai,Jaffna,2026-09-24 07:01:00Z,25.3,96.0,0.4,light (20-30 dBZ)
Urumpirai,Jaffna,2026-09-24 08:01:00Z,25.3,96.0,0.4,light (20-30 dBZ)
Urumpirai,Jaffna,2026-09-24 09:01:00Z,25.3,96.0,0.4,light (20-30 dBZ)
Urumpirai,Jaffna,2026-09-24 09:51:00Z,25.3,96.0,0.4,light (20-30 dBZ)
Urumpirai,Jaffna,2026-09-24 11:01:00Z,25.3,96.0,0.4,light (20-30 dBZ)
Urumpirai,Jaffna,2026-09-24 12:01:00Z,25.3,96.0,0.4,light (20-30 dBZ)
Urumpirai,Jaffna,2026-09-24 13:01:00Z,28.0,44.0,1.2,light (20-30 dBZ)
Urumpirai,Jaffna,2026-09-24 18:59:00Z,28.0,44.0,1.2,light (20-30 dBZ)
Urumpirai,Jaffna,2026-09-24 19:01:00Z,28.0,44.0,1.2,light (20-30 dBZ)
Urumpirai,Jaffna,2026-09-26 02:42:22Z,28.0,44.0,1.2,light (20-30 dBZ)
Urumpirai,Jaffna,2026-10-02 06:52:23Z,20.0,4.0,3.1,light (20-30 dBZ)
Urumpirai,Jaffna,2026-10-02 07:02:25Z,20.0,8.0,2.6,light (20-30 dBZ)
Urumpirai,Jaffna,2026-10-03 17:52:22Z,28.0,36.0,0.9,light (20-30 dBZ)
Urumpirai,Jaffna,2026-10-03 18:02:23Z,22.7,64.0,0.4,light (20-30 dBZ)
Urumpirai,Jaffna,2026-10-04 08:02:26Z,38.7,16.0,1.2,moderate (30-40 dBZ)
Urumpirai,Jaffna,2026-10-04 08:22:27Z,28.0,8.0,1.7,light (20-30 dBZ)
Uruthirapuram,Kilinochchi,2026-09-15 08:02:30Z,20.0,8.0,0.7,light (20-30 dBZ)
Uruthirapuram,Kilinochchi,2026-09-15 08:22:48Z,33.3,72.0,0.4,moderate (30-40 dBZ)
Uruthirapuram,Kilinochchi,2026-09-15 08:32:28Z,36.0,36.0,0.7,moderate (30-40 dBZ)
Uruthirapuram,Kilinochchi,2026-09-15 08:42:49Z,41.3,52.0,0.4,heavy (40-50 dBZ)
Uruthirapuram,Kilinochchi,2026-09-15 08:52:48Z,30.7,68.0,0.4,moderate (30-40 dBZ)
Uruthirapuram,Kilinochchi,2026-09-15 09:00:00Z,41.3,52.0,0.4,heavy (40-50 dBZ)
Uruthirapuram,Kilinochchi,2026-09-15 09:02:44Z,36.0,52.0,0.7,moderate (30-40 dBZ)
Uruthirapuram,Kilinochchi,2026-09-15 10:05:00Z,36.0,52.0,0.7,moderate (30-40 dBZ)
Uruthirapuram,Kilinochchi,2026-09-17 12:12:26Z,20.0,56.0,0.4,light (20-30 dBZ)
Uruthirapuram,Kilinochchi,2026-09-17 13:00:00Z,20.0,56.0,0.4,light (20-30 dBZ)
Uruthirapuram,Kilinochchi,2026-09-17 13:18:00Z,20.0,56.0,0.4,light (20-30 dBZ)
Uruthirapuram,Kilinochchi,2026-09-17 14:01:00Z,20.0,56.0,0.4,light (20-30 dBZ)
Uruthirapuram,Kilinochchi,2026-09-17 15:01:00Z,20.0,56.0,0.4,light (20-30 dBZ)
Uruthirapuram,Kilinochchi,2026-09-17 16:01:00Z,20.0,56.0,0.4,light (20-30 dBZ)
Uruthirapuram,Kilinochchi,2026-09-20 06:52:23Z,20.0,56.0,0.4,light (20-30 dBZ)
Uruthirapuram,Kilinochchi,2026-09-21 12:52:22Z,20.0,56.0,0.4,light (20-30 dBZ)
Uruthirapuram,Kilinochchi,2026-09-22 04:32:22Z,22.7,56.0,0.4,light (20-30 dBZ)
Uruthirapuram,Kilinochchi,2026-09-22 13:01:00Z,22.7,56.0,0.4,light (20-30 dBZ)
Uruthirapuram,Kilinochchi,2026-09-22 14:01:00Z,22.7,56.0,0.4,light (20-30 dBZ)
Uruthirapuram,Kilinochchi,2026-09-22 14:37:00Z,22.7,56.0,0.4,light (20-30 dBZ)
Uruthirapuram,Kilinochchi,2026-09-22 15:03:00Z,22.7,56.0,0.4,light (20-30 dBZ)
Uruthirapuram,Kilinochchi,2026-09-23 14:36:09Z,20.0,56.0,0.4,light (20-30 dBZ)
Uruthirapuram,Kilinochchi,2026-09-23 14:46:09Z,22.7,56.0,0.4,light (20-30 dBZ)
Uruthirapuram,Kilinochchi,2026-09-23 15:01:00Z,22.7,56.0,0.4,light (20-30 dBZ)
Uruthirapuram,Kilinochchi,2026-09-23 16:01:00Z,22.7,56.0,0.4,light (20-30 dBZ)
Uruthirapuram,Kilinochchi,2026-09-23 16:40:00Z,22.7,56.0,0.4,light (20-30 dBZ)
Uruthirapuram,Kilinochchi,2026-09-23 17:01:00Z,22.7,56.0,0.4,light (20-30 dBZ)
Uruthirapuram,Kilinochchi,2026-09-23 19:01:00Z,20.0,56.0,0.4,light (20-30 dBZ)
Uruthirapuram,Kilinochchi,2026-09-23 20:00:00Z,20.0,56.0,0.4,light (20-30 dBZ)
Uruthirapuram,Kilinochchi,2026-09-23 21:01:00Z,20.0,56.0,0.4,light (20-30 dBZ)
Uruthirapuram,Kilinochchi,2026-09-23 22:01:00Z,20.0,56.0,0.4,light (20-30 dBZ)
Uruthirapuram,Kilinochchi,2026-09-24 07:01:00Z,22.7,56.0,0.4,light (20-30 dBZ)
Uruthirapuram,Kilinochchi,2026-09-24 08:01:00Z,22.7,56.0,0.4,light (20-30 dBZ)
Uruthirapuram,Kilinochchi,2026-09-24 09:01:00Z,22.7,56.0,0.4,light (20-30 dBZ)
Uruthirapuram,Kilinochchi,2026-09-24 09:51:00Z,22.7,56.0,0.4,light (20-30 dBZ)
Uruthirapuram,Kilinochchi,2026-09-24 11:01:00Z,22.7,56.0,0.4,light (20-30 dBZ)
Uruthirapuram,Kilinochchi,2026-09-24 12:01:00Z,22.7,56.0,0.4,light (20-30 dBZ)
Uruthirapuram,Kilinochchi,2026-09-28 10:42:23Z,20.0,4.0,2.8,light (20-30 dBZ)
Uruthirapuram,Kilinochchi,2026-09-28 11:01:00Z,20.0,4.0,2.8,light (20-30 dBZ)
Uruthirapuram,Kilinochchi,2026-10-01 09:02:23Z,20.0,12.0,0.7,light (20-30 dBZ)
Uruthirapuram,Kilinochchi,2026-10-04 08:22:27Z,41.3,60.0,0.4,heavy (40-50 dBZ)
Uruthirapuram,Kilinochchi,2026-10-04 08:32:27Z,33.3,56.0,0.4,moderate (30-40 dBZ)
Vaddukoddai,Jaffna,2026-09-15 13:02:30Z,20.0,4.0,2.0,light (20-30 dBZ)
Vaddukoddai,Jaffna,2026-09-15 13:24:00Z,20.0,4.0,2.0,light (20-30 dBZ)
Vaddukoddai,Jaffna,2026-09-17 12:12:26Z,25.3,84.0,0.2,light (20-30 dBZ)
Vaddukoddai,Jaffna,2026-09-17 13:00:00Z,25.3,84.0,0.2,light (20-30 dBZ)
Vaddukoddai,Jaffna,2026-09-17 13:18:00Z,25.3,84.0,0.2,light (20-30 dBZ)
Vaddukoddai,Jaffna,2026-09-17 14:01:00Z,25.3,84.0,0.2,light (20-30 dBZ)
Vaddukoddai,Jaffna,2026-09-17 15:01:00Z,25.3,84.0,0.2,light (20-30 dBZ)
Vaddukoddai,Jaffna,2026-09-17 16:01:00Z,25.3,84.0,0.2,light (20-30 dBZ)
Vaddukoddai,Jaffna,2026-09-20 06:52:23Z,25.3,84.0,0.2,light (20-30 dBZ)
Vaddukoddai,Jaffna,2026-09-21 12:52:22Z,25.3,100.0,0.2,light (20-30 dBZ)
Vaddukoddai,Jaffna,2026-09-22 04:32:22Z,25.3,88.0,0.2,light (20-30 dBZ)
Vaddukoddai,Jaffna,2026-09-22 13:01:00Z,25.3,88.0,0.2,light (20-30 dBZ)
Vaddukoddai,Jaffna,2026-09-22 14:01:00Z,25.3,88.0,0.2,light (20-30 dBZ)
Vaddukoddai,Jaffna,2026-09-22 14:37:00Z,25.3,88.0,0.2,light (20-30 dBZ)
Vaddukoddai,Jaffna,2026-09-22 15:03:00Z,25.3,88.0,0.2,light (20-30 dBZ)
Vaddukoddai,Jaffna,2026-09-22 15:46:05Z,28.0,28.0,1.0,light (20-30 dBZ)
Vaddukoddai,Jaffna,2026-09-22 16:01:00Z,28.0,28.0,1.0,light (20-30 dBZ)
Vaddukoddai,Jaffna,2026-09-23 14:36:09Z,25.3,84.0,0.2,light (20-30 dBZ)
Vaddukoddai,Jaffna,2026-09-23 14:46:09Z,25.3,88.0,0.2,light (20-30 dBZ)
Vaddukoddai,Jaffna,2026-09-23 15:01:00Z,25.3,88.0,0.2,light (20-30 dBZ)
Vaddukoddai,Jaffna,2026-09-23 16:01:00Z,25.3,88.0,0.2,light (20-30 dBZ)
Vaddukoddai,Jaffna,2026-09-23 16:40:00Z,25.3,88.0,0.2,light (20-30 dBZ)
Vaddukoddai,Jaffna,2026-09-23 17:01:00Z,25.3,88.0,0.2,light (20-30 dBZ)
Vaddukoddai,Jaffna,2026-09-23 18:36:42Z,28.0,28.0,1.0,light (20-30 dBZ)
Vaddukoddai,Jaffna,2026-09-23 19:01:00Z,25.3,84.0,0.2,light (20-30 dBZ)
Vaddukoddai,Jaffna,2026-09-23 20:00:00Z,25.3,84.0,0.2,light (20-30 dBZ)
Vaddukoddai,Jaffna,2026-09-23 21:01:00Z,25.3,84.0,0.2,light (20-30 dBZ)
Vaddukoddai,Jaffna,2026-09-23 22:01:00Z,25.3,84.0,0.2,light (20-30 dBZ)
Vaddukoddai,Jaffna,2026-09-24 07:01:00Z,25.3,88.0,0.2,light (20-30 dBZ)
Vaddukoddai,Jaffna,2026-09-24 08:01:00Z,25.3,88.0,0.2,light (20-30 dBZ)
Vaddukoddai,Jaffna,2026-09-24 09:01:00Z,25.3,88.0,0.2,light (20-30 dBZ)
Vaddukoddai,Jaffna,2026-09-24 09:51:00Z,25.3,88.0,0.2,light (20-30 dBZ)
Vaddukoddai,Jaffna,2026-09-24 11:01:00Z,25.3,88.0,0.2,light (20-30 dBZ)
Vaddukoddai,Jaffna,2026-09-24 12:01:00Z,25.3,88.0,0.2,light (20-30 dBZ)
Vaddukoddai,Jaffna,2026-09-24 13:01:00Z,28.0,28.0,1.0,light (20-30 dBZ)
Vaddukoddai,Jaffna,2026-09-24 18:59:00Z,28.0,28.0,1.0,light (20-30 dBZ)
Vaddukoddai,Jaffna,2026-09-24 19:01:00Z,28.0,28.0,1.0,light (20-30 dBZ)
Vaddukoddai,Jaffna,2026-09-26 02:42:22Z,28.0,28.0,1.0,light (20-30 dBZ)
Vaddukoddai,Jaffna,2026-10-02 06:12:22Z,20.0,4.0,1.5,light (20-30 dBZ)
Vaddukoddai,Jaffna,2026-10-02 06:22:23Z,20.0,12.0,1.0,light (20-30 dBZ)
Vaddukoddai,Jaffna,2026-10-02 06:32:23Z,25.3,8.0,2.3,light (20-30 dBZ)
Vaddukoddai,Jaffna,2026-10-02 06:52:23Z,25.3,4.0,2.3,light (20-30 dBZ)
Vaddukoddai,Jaffna,2026-10-03 10:12:22Z,33.3,68.0,0.1,moderate (30-40 dBZ)
Vaddukoddai,Jaffna,2026-10-03 19:02:22Z,20.0,8.0,1.0,light (20-30 dBZ)
Vaddukoddai,Jaffna,2026-10-04 08:02:26Z,22.7,12.0,0.2,light (20-30 dBZ)
Vaddukoddai,Jaffna,2026-10-04 08:22:27Z,25.3,28.0,0.1,light (20-30 dBZ)
Vaddukoddai,Jaffna,2026-10-04 08:32:27Z,20.0,4.0,2.0,light (20-30 dBZ)
Vadduvakal,Mullaitivu,2026-09-15 23:11:10Z,20.0,12.0,1.4,light (20-30 dBZ)
Vadduvakal,Mullaitivu,2026-09-15 23:32:38Z,20.0,12.0,0.8,light (20-30 dBZ)
Vadduvakal,Mullaitivu,2026-09-16 00:00:00Z,20.0,12.0,0.8,light (20-30 dBZ)
Vadduvakal,Mullaitivu,2026-09-16 10:22:29Z,20.0,4.0,2.8,light (20-30 dBZ)
Vadduvakal,Mullaitivu,2026-09-17 12:12:26Z,20.0,40.0,0.1,light (20-30 dBZ)
Vadduvakal,Mullaitivu,2026-09-17 13:00:00Z,20.0,40.0,0.1,light (20-30 dBZ)
Vadduvakal,Mullaitivu,2026-09-17 13:18:00Z,20.0,40.0,0.1,light (20-30 dBZ)
Vadduvakal,Mullaitivu,2026-09-17 14:01:00Z,20.0,40.0,0.1,light (20-30 dBZ)
Vadduvakal,Mullaitivu,2026-09-17 15:01:00Z,20.0,40.0,0.1,light (20-30 dBZ)
Vadduvakal,Mullaitivu,2026-09-17 16:01:00Z,20.0,40.0,0.1,light (20-30 dBZ)
Vadduvakal,Mullaitivu,2026-09-20 06:52:23Z,20.0,40.0,0.1,light (20-30 dBZ)
Vadduvakal,Mullaitivu,2026-09-20 08:22:21Z,38.7,56.0,0.1,moderate (30-40 dBZ)
Vadduvakal,Mullaitivu,2026-09-20 09:00:00Z,38.7,56.0,0.1,moderate (30-40 dBZ)
Vadduvakal,Mullaitivu,2026-09-20 10:00:00Z,38.7,56.0,0.1,moderate (30-40 dBZ)
Vadduvakal,Mullaitivu,2026-09-20 11:00:00Z,38.7,56.0,0.1,moderate (30-40 dBZ)
Vadduvakal,Mullaitivu,2026-09-20 12:00:00Z,38.7,56.0,0.1,moderate (30-40 dBZ)
Vadduvakal,Mullaitivu,2026-09-20 13:00:00Z,38.7,56.0,0.1,moderate (30-40 dBZ)
Vadduvakal,Mullaitivu,2026-09-20 14:00:00Z,38.7,56.0,0.1,moderate (30-40 dBZ)
Vadduvakal,Mullaitivu,2026-09-21 12:52:22Z,20.0,40.0,0.1,light (20-30 dBZ)
Vadduvakal,Mullaitivu,2026-09-22 04:32:22Z,22.7,40.0,1.2,light (20-30 dBZ)
Vadduvakal,Mullaitivu,2026-09-22 13:01:00Z,22.7,40.0,1.2,light (20-30 dBZ)
Vadduvakal,Mullaitivu,2026-09-22 14:01:00Z,22.7,40.0,1.2,light (20-30 dBZ)
Vadduvakal,Mullaitivu,2026-09-22 14:37:00Z,22.7,40.0,1.2,light (20-30 dBZ)
Vadduvakal,Mullaitivu,2026-09-22 15:03:00Z,22.7,40.0,1.2,light (20-30 dBZ)
Vadduvakal,Mullaitivu,2026-09-23 14:36:09Z,20.0,40.0,0.1,light (20-30 dBZ)
Vadduvakal,Mullaitivu,2026-09-23 14:46:09Z,22.7,40.0,1.2,light (20-30 dBZ)
Vadduvakal,Mullaitivu,2026-09-23 15:01:00Z,22.7,40.0,1.2,light (20-30 dBZ)
Vadduvakal,Mullaitivu,2026-09-23 16:01:00Z,22.7,40.0,1.2,light (20-30 dBZ)
Vadduvakal,Mullaitivu,2026-09-23 16:40:00Z,22.7,40.0,1.2,light (20-30 dBZ)
Vadduvakal,Mullaitivu,2026-09-23 17:01:00Z,22.7,40.0,1.2,light (20-30 dBZ)
Vadduvakal,Mullaitivu,2026-09-23 19:01:00Z,20.0,40.0,0.1,light (20-30 dBZ)
Vadduvakal,Mullaitivu,2026-09-23 20:00:00Z,20.0,40.0,0.1,light (20-30 dBZ)
Vadduvakal,Mullaitivu,2026-09-23 21:01:00Z,20.0,40.0,0.1,light (20-30 dBZ)
Vadduvakal,Mullaitivu,2026-09-23 22:01:00Z,20.0,40.0,0.1,light (20-30 dBZ)
Vadduvakal,Mullaitivu,2026-09-24 07:01:00Z,22.7,40.0,1.2,light (20-30 dBZ)
Vadduvakal,Mullaitivu,2026-09-24 08:01:00Z,22.7,40.0,1.2,light (20-30 dBZ)
Vadduvakal,Mullaitivu,2026-09-24 09:01:00Z,22.7,40.0,1.2,light (20-30 dBZ)
Vadduvakal,Mullaitivu,2026-09-24 09:51:00Z,22.7,40.0,1.2,light (20-30 dBZ)
Vadduvakal,Mullaitivu,2026-09-24 11:01:00Z,22.7,40.0,1.2,light (20-30 dBZ)
Vadduvakal,Mullaitivu,2026-09-24 12:01:00Z,22.7,40.0,1.2,light (20-30 dBZ)
Vadduvakal,Mullaitivu,2026-09-27 08:32:23Z,30.7,4.0,2.8,moderate (30-40 dBZ)
Vadduvakal,Mullaitivu,2026-09-27 10:02:23Z,33.3,44.0,0.1,moderate (30-40 dBZ)
Vadduvakal,Mullaitivu,2026-09-27 10:22:23Z,46.7,16.0,1.4,heavy (40-50 dBZ)
Vadduvakal,Mullaitivu,2026-09-27 10:32:23Z,33.3,60.0,0.1,moderate (30-40 dBZ)
Vadduvakal,Mullaitivu,2026-09-27 12:02:22Z,33.3,16.0,1.9,moderate (30-40 dBZ)
Vadduvakal,Mullaitivu,2026-09-27 12:22:22Z,41.3,76.0,0.1,heavy (40-50 dBZ)
Vadduvakal,Mullaitivu,2026-09-27 12:32:23Z,36.0,68.0,0.1,moderate (30-40 dBZ)
Vadduvakal,Mullaitivu,2026-09-27 13:01:00Z,36.0,68.0,0.1,moderate (30-40 dBZ)
Vadduvakal,Mullaitivu,2026-09-28 10:52:23Z,36.0,44.0,0.1,moderate (30-40 dBZ)
Vadduvakal,Mullaitivu,2026-09-28 12:01:00Z,36.0,44.0,0.1,moderate (30-40 dBZ)
Vadduvakal,Mullaitivu,2026-09-28 12:02:23Z,28.0,60.0,0.8,light (20-30 dBZ)
Vadduvakal,Mullaitivu,2026-09-28 12:12:23Z,22.7,28.0,0.8,light (20-30 dBZ)
Vadduvakal,Mullaitivu,2026-09-28 12:52:22Z,20.0,8.0,2.1,light (20-30 dBZ)
Vadduvakal,Mullaitivu,2026-09-28 13:02:22Z,20.0,16.0,1.9,light (20-30 dBZ)
Valvettithurai,Jaffna,2026-09-15 12:32:30Z,28.0,8.0,1.7,light (20-30 dBZ)
Valvettithurai,Jaffna,2026-09-15 12:42:27Z,28.0,24.0,1.5,light (20-30 dBZ)
Valvettithurai,Jaffna,2026-09-15 12:53:40Z,20.0,16.0,1.6,light (20-30 dBZ)
Valvettithurai,Jaffna,2026-09-15 13:00:00Z,28.0,24.0,1.5,light (20-30 dBZ)
Valvettithurai,Jaffna,2026-09-15 13:02:30Z,28.0,20.0,1.2,light (20-30 dBZ)
Valvettithurai,Jaffna,2026-09-15 13:12:56Z,20.0,12.0,1.5,light (20-30 dBZ)
Valvettithurai,Jaffna,2026-09-15 13:24:00Z,28.0,20.0,1.2,light (20-30 dBZ)
Valvettithurai,Jaffna,2026-09-16 12:52:26Z,25.3,4.0,1.7,light (20-30 dBZ)
Valvettithurai,Jaffna,2026-09-17 12:12:26Z,25.3,100.0,0.4,light (20-30 dBZ)
Valvettithurai,Jaffna,2026-09-17 13:00:00Z,25.3,100.0,0.4,light (20-30 dBZ)
Valvettithurai,Jaffna,2026-09-17 13:18:00Z,25.3,100.0,0.4,light (20-30 dBZ)
Valvettithurai,Jaffna,2026-09-17 14:01:00Z,25.3,100.0,0.4,light (20-30 dBZ)
Valvettithurai,Jaffna,2026-09-17 15:01:00Z,25.3,100.0,0.4,light (20-30 dBZ)
Valvettithurai,Jaffna,2026-09-17 16:01:00Z,25.3,100.0,0.4,light (20-30 dBZ)
Valvettithurai,Jaffna,2026-09-20 06:52:23Z,25.3,100.0,0.4,light (20-30 dBZ)
Valvettithurai,Jaffna,2026-09-20 08:12:22Z,33.3,36.0,1.3,moderate (30-40 dBZ)
Valvettithurai,Jaffna,2026-09-20 08:22:21Z,22.7,28.0,1.3,light (20-30 dBZ)
Valvettithurai,Jaffna,2026-09-20 09:00:00Z,22.7,28.0,1.3,light (20-30 dBZ)
Valvettithurai,Jaffna,2026-09-20 10:00:00Z,22.7,28.0,1.3,light (20-30 dBZ)
Valvettithurai,Jaffna,2026-09-20 11:00:00Z,22.7,28.0,1.3,light (20-30 dBZ)
Valvettithurai,Jaffna,2026-09-20 12:00:00Z,22.7,28.0,1.3,light (20-30 dBZ)
Valvettithurai,Jaffna,2026-09-20 13:00:00Z,22.7,28.0,1.3,light (20-30 dBZ)
Valvettithurai,Jaffna,2026-09-20 14:00:00Z,22.7,28.0,1.3,light (20-30 dBZ)
Valvettithurai,Jaffna,2026-09-21 12:52:22Z,25.3,100.0,0.4,light (20-30 dBZ)
Valvettithurai,Jaffna,2026-09-22 04:32:22Z,25.3,96.0,0.4,light (20-30 dBZ)
Valvettithurai,Jaffna,2026-09-22 13:01:00Z,25.3,96.0,0.4,light (20-30 dBZ)
Valvettithurai,Jaffna,2026-09-22 14:01:00Z,25.3,96.0,0.4,light (20-30 dBZ)
Valvettithurai,Jaffna,2026-09-22 14:37:00Z,25.3,96.0,0.4,light (20-30 dBZ)
Valvettithurai,Jaffna,2026-09-22 15:03:00Z,25.3,96.0,0.4,light (20-30 dBZ)
Valvettithurai,Jaffna,2026-09-22 15:46:05Z,28.0,80.0,0.4,light (20-30 dBZ)
Valvettithurai,Jaffna,2026-09-22 16:01:00Z,28.0,80.0,0.4,light (20-30 dBZ)
Valvettithurai,Jaffna,2026-09-23 14:36:09Z,25.3,100.0,0.4,light (20-30 dBZ)
Valvettithurai,Jaffna,2026-09-23 14:46:09Z,25.3,96.0,0.4,light (20-30 dBZ)
Valvettithurai,Jaffna,2026-09-23 15:01:00Z,25.3,96.0,0.4,light (20-30 dBZ)
Valvettithurai,Jaffna,2026-09-23 16:01:00Z,25.3,96.0,0.4,light (20-30 dBZ)
Valvettithurai,Jaffna,2026-09-23 16:40:00Z,25.3,96.0,0.4,light (20-30 dBZ)
Valvettithurai,Jaffna,2026-09-23 17:01:00Z,25.3,96.0,0.4,light (20-30 dBZ)
Valvettithurai,Jaffna,2026-09-23 18:36:42Z,28.0,80.0,0.4,light (20-30 dBZ)
Valvettithurai,Jaffna,2026-09-23 19:01:00Z,25.3,100.0,0.4,light (20-30 dBZ)
Valvettithurai,Jaffna,2026-09-23 20:00:00Z,25.3,100.0,0.4,light (20-30 dBZ)
Valvettithurai,Jaffna,2026-09-23 21:01:00Z,25.3,100.0,0.4,light (20-30 dBZ)
Valvettithurai,Jaffna,2026-09-23 22:01:00Z,25.3,100.0,0.4,light (20-30 dBZ)
Valvettithurai,Jaffna,2026-09-24 07:01:00Z,25.3,96.0,0.4,light (20-30 dBZ)
Valvettithurai,Jaffna,2026-09-24 08:01:00Z,25.3,96.0,0.4,light (20-30 dBZ)
Valvettithurai,Jaffna,2026-09-24 09:01:00Z,25.3,96.0,0.4,light (20-30 dBZ)
Valvettithurai,Jaffna,2026-09-24 09:51:00Z,25.3,96.0,0.4,light (20-30 dBZ)
Valvettithurai,Jaffna,2026-09-24 11:01:00Z,25.3,96.0,0.4,light (20-30 dBZ)
Valvettithurai,Jaffna,2026-09-24 12:01:00Z,25.3,96.0,0.4,light (20-30 dBZ)
Valvettithurai,Jaffna,2026-09-24 13:01:00Z,28.0,80.0,0.4,light (20-30 dBZ)
Valvettithurai,Jaffna,2026-09-24 18:59:00Z,28.0,80.0,0.4,light (20-30 dBZ)
Valvettithurai,Jaffna,2026-09-24 19:01:00Z,28.0,80.0,0.4,light (20-30 dBZ)
Valvettithurai,Jaffna,2026-09-26 02:42:22Z,28.0,80.0,0.4,light (20-30 dBZ)
Valvettithurai,Jaffna,2026-09-26 10:22:22Z,20.0,4.0,2.2,light (20-30 dBZ)
Valvettithurai,Jaffna,2026-09-26 13:32:22Z,22.7,4.0,1.7,light (20-30 dBZ)
Valvettithurai,Jaffna,2026-09-26 13:42:23Z,20.0,4.0,2.0,light (20-30 dBZ)
Valvettithurai,Jaffna,2026-09-26 14:00:00Z,20.0,4.0,2.0,light (20-30 dBZ)
Valvettithurai,Jaffna,2026-09-26 14:52:23Z,25.3,8.0,1.7,light (20-30 dBZ)
Valvettithurai,Jaffna,2026-09-26 15:02:22Z,20.0,4.0,1.7,light (20-30 dBZ)
Valvettithurai,Jaffna,2026-09-26 15:22:23Z,22.7,4.0,1.7,light (20-30 dBZ)
Valvettithurai,Jaffna,2026-09-26 16:22:22Z,20.0,8.0,1.6,light (20-30 dBZ)
Valvettithurai,Jaffna,2026-09-26 17:02:22Z,20.0,4.0,1.7,light (20-30 dBZ)
Valvettithurai,Jaffna,2026-09-29 17:22:23Z,20.0,8.0,1.6,light (20-30 dBZ)
Valvettithurai,Jaffna,2026-10-01 13:52:23Z,22.7,20.0,1.4,light (20-30 dBZ)
Valvettithurai,Jaffna,2026-10-02 22:32:22Z,25.3,12.0,2.2,light (20-30 dBZ)
Varany,Jaffna,2026-09-15 06:43:38Z,20.0,24.0,1.0,light (20-30 dBZ)
Varany,Jaffna,2026-09-15 06:52:28Z,38.7,44.0,0.3,moderate (30-40 dBZ)
Varany,Jaffna,2026-09-15 07:00:00Z,20.0,24.0,1.0,light (20-30 dBZ)
Varany,Jaffna,2026-09-15 07:03:48Z,38.7,64.0,0.3,moderate (30-40 dBZ)
Varany,Jaffna,2026-09-15 07:34:00Z,38.7,64.0,0.3,moderate (30-40 dBZ)
Varany,Jaffna,2026-09-15 08:02:30Z,20.0,12.0,0.6,light (20-30 dBZ)
Varany,Jaffna,2026-09-17 12:12:26Z,25.3,88.0,0.3,light (20-30 dBZ)
Varany,Jaffna,2026-09-17 13:00:00Z,25.3,88.0,0.3,light (20-30 dBZ)
Varany,Jaffna,2026-09-17 13:18:00Z,25.3,88.0,0.3,light (20-30 dBZ)
Varany,Jaffna,2026-09-17 14:01:00Z,25.3,88.0,0.3,light (20-30 dBZ)
Varany,Jaffna,2026-09-17 15:01:00Z,25.3,88.0,0.3,light (20-30 dBZ)
Varany,Jaffna,2026-09-17 16:01:00Z,25.3,88.0,0.3,light (20-30 dBZ)
Varany,Jaffna,2026-09-20 06:52:23Z,25.3,88.0,0.3,light (20-30 dBZ)
Varany,Jaffna,2026-09-21 12:52:22Z,25.3,96.0,0.3,light (20-30 dBZ)
Varany,Jaffna,2026-09-22 04:32:22Z,25.3,84.0,0.3,light (20-30 dBZ)
Varany,Jaffna,2026-09-22 13:01:00Z,25.3,84.0,0.3,light (20-30 dBZ)
Varany,Jaffna,2026-09-22 14:01:00Z,25.3,84.0,0.3,light (20-30 dBZ)
Varany,Jaffna,2026-09-22 14:37:00Z,25.3,84.0,0.3,light (20-30 dBZ)
Varany,Jaffna,2026-09-22 15:03:00Z,25.3,84.0,0.3,light (20-30 dBZ)
Varany,Jaffna,2026-09-23 14:36:09Z,25.3,88.0,0.3,light (20-30 dBZ)
Varany,Jaffna,2026-09-23 14:46:09Z,25.3,84.0,0.3,light (20-30 dBZ)
Varany,Jaffna,2026-09-23 15:01:00Z,25.3,84.0,0.3,light (20-30 dBZ)
Varany,Jaffna,2026-09-23 16:01:00Z,25.3,84.0,0.3,light (20-30 dBZ)
Varany,Jaffna,2026-09-23 16:40:00Z,25.3,84.0,0.3,light (20-30 dBZ)
Varany,Jaffna,2026-09-23 17:01:00Z,25.3,84.0,0.3,light (20-30 dBZ)
Varany,Jaffna,2026-09-23 19:01:00Z,25.3,88.0,0.3,light (20-30 dBZ)
Varany,Jaffna,2026-09-23 20:00:00Z,25.3,88.0,0.3,light (20-30 dBZ)
Varany,Jaffna,2026-09-23 21:01:00Z,25.3,88.0,0.3,light (20-30 dBZ)
Varany,Jaffna,2026-09-23 22:01:00Z,25.3,88.0,0.3,light (20-30 dBZ)
Varany,Jaffna,2026-09-24 07:01:00Z,25.3,84.0,0.3,light (20-30 dBZ)
Varany,Jaffna,2026-09-24 08:01:00Z,25.3,84.0,0.3,light (20-30 dBZ)
Varany,Jaffna,2026-09-24 09:01:00Z,25.3,84.0,0.3,light (20-30 dBZ)
Varany,Jaffna,2026-09-24 09:51:00Z,25.3,84.0,0.3,light (20-30 dBZ)
Varany,Jaffna,2026-09-24 11:01:00Z,25.3,84.0,0.3,light (20-30 dBZ)
Varany,Jaffna,2026-09-24 12:01:00Z,25.3,84.0,0.3,light (20-30 dBZ)
Varany,Jaffna,2026-09-26 15:52:22Z,22.7,8.0,2.3,light (20-30 dBZ)
Varany,Jaffna,2026-09-26 17:02:22Z,20.0,12.0,0.3,light (20-30 dBZ)
Varany,Jaffna,2026-09-29 16:52:23Z,25.3,4.0,1.9,light (20-30 dBZ)
Varany,Jaffna,2026-10-03 07:02:22Z,20.0,4.0,1.6,light (20-30 dBZ)
Varany,Jaffna,2026-10-03 08:32:22Z,28.0,16.0,1.1,light (20-30 dBZ)
Varany,Jaffna,2026-10-03 08:42:23Z,22.7,24.0,1.9,light (20-30 dBZ)
Varany,Jaffna,2026-10-03 08:52:22Z,28.0,20.0,1.1,light (20-30 dBZ)
Varany,Jaffna,2026-10-03 09:02:22Z,25.3,24.0,1.1,light (20-30 dBZ)
Velanai,Jaffna,2026-09-17 12:12:26Z,25.3,72.0,0.7,light (20-30 dBZ)
Velanai,Jaffna,2026-09-17 13:00:00Z,25.3,72.0,0.7,light (20-30 dBZ)
Velanai,Jaffna,2026-09-17 13:18:00Z,25.3,72.0,0.7,light (20-30 dBZ)
Velanai,Jaffna,2026-09-17 14:01:00Z,25.3,72.0,0.7,light (20-30 dBZ)
Velanai,Jaffna,2026-09-17 15:01:00Z,25.3,72.0,0.7,light (20-30 dBZ)
Velanai,Jaffna,2026-09-17 16:01:00Z,25.3,72.0,0.7,light (20-30 dBZ)
Velanai,Jaffna,2026-09-20 06:52:23Z,25.3,72.0,0.7,light (20-30 dBZ)
Velanai,Jaffna,2026-09-21 12:52:22Z,25.3,76.0,0.7,light (20-30 dBZ)
Velanai,Jaffna,2026-09-22 04:32:22Z,25.3,84.0,0.6,light (20-30 dBZ)
Velanai,Jaffna,2026-09-22 13:01:00Z,25.3,84.0,0.6,light (20-30 dBZ)
Velanai,Jaffna,2026-09-22 14:01:00Z,25.3,84.0,0.6,light (20-30 dBZ)
Velanai,Jaffna,2026-09-22 14:37:00Z,25.3,84.0,0.6,light (20-30 dBZ)
Velanai,Jaffna,2026-09-22 15:03:00Z,25.3,84.0,0.6,light (20-30 dBZ)
Velanai,Jaffna,2026-09-22 15:46:05Z,20.0,4.0,1.5,light (20-30 dBZ)
Velanai,Jaffna,2026-09-22 16:01:00Z,20.0,4.0,1.5,light (20-30 dBZ)
Velanai,Jaffna,2026-09-23 14:36:09Z,25.3,72.0,0.7,light (20-30 dBZ)
Velanai,Jaffna,2026-09-23 14:46:09Z,25.3,84.0,0.6,light (20-30 dBZ)
Velanai,Jaffna,2026-09-23 15:01:00Z,25.3,84.0,0.6,light (20-30 dBZ)
Velanai,Jaffna,2026-09-23 16:01:00Z,25.3,84.0,0.6,light (20-30 dBZ)
Velanai,Jaffna,2026-09-23 16:40:00Z,25.3,84.0,0.6,light (20-30 dBZ)
Velanai,Jaffna,2026-09-23 17:01:00Z,25.3,84.0,0.6,light (20-30 dBZ)
Velanai,Jaffna,2026-09-23 18:36:42Z,20.0,4.0,1.5,light (20-30 dBZ)
Velanai,Jaffna,2026-09-23 19:01:00Z,25.3,72.0,0.7,light (20-30 dBZ)
Velanai,Jaffna,2026-09-23 20:00:00Z,25.3,72.0,0.7,light (20-30 dBZ)
Velanai,Jaffna,2026-09-23 21:01:00Z,25.3,72.0,0.7,light (20-30 dBZ)
Velanai,Jaffna,2026-09-23 22:01:00Z,25.3,72.0,0.7,light (20-30 dBZ)
Velanai,Jaffna,2026-09-24 07:01:00Z,25.3,84.0,0.6,light (20-30 dBZ)
Velanai,Jaffna,2026-09-24 08:01:00Z,25.3,84.0,0.6,light (20-30 dBZ)
Velanai,Jaffna,2026-09-24 09:01:00Z,25.3,84.0,0.6,light (20-30 dBZ)
Velanai,Jaffna,2026-09-24 09:51:00Z,25.3,84.0,0.6,light (20-30 dBZ)
Velanai,Jaffna,2026-09-24 11:01:00Z,25.3,84.0,0.6,light (20-30 dBZ)
Velanai,Jaffna,2026-09-24 12:01:00Z,25.3,84.0,0.6,light (20-30 dBZ)
Velanai,Jaffna,2026-09-24 13:01:00Z,20.0,4.0,1.5,light (20-30 dBZ)
Velanai,Jaffna,2026-09-24 18:59:00Z,20.0,4.0,1.5,light (20-30 dBZ)
Velanai,Jaffna,2026-09-24 19:01:00Z,20.0,4.0,1.5,light (20-30 dBZ)
Velanai,Jaffna,2026-09-26 02:42:22Z,20.0,4.0,1.5,light (20-30 dBZ)
Velanai,Jaffna,2026-10-01 08:42:22Z,28.0,20.0,2.4,light (20-30 dBZ)
Velanai,Jaffna,2026-10-01 08:52:23Z,20.0,8.0,2.8,light (20-30 dBZ)
Velanai,Jaffna,2026-10-02 10:12:26Z,20.0,8.0,1.5,light (20-30 dBZ)
Veravil,Kilinochchi,2026-09-17 12:12:26Z,25.3,80.0,0.2,light (20-30 dBZ)
Veravil,Kilinochchi,2026-09-17 13:00:00Z,25.3,80.0,0.2,light (20-30 dBZ)
Veravil,Kilinochchi,2026-09-17 13:18:00Z,25.3,80.0,0.2,light (20-30 dBZ)
Veravil,Kilinochchi,2026-09-17 14:01:00Z,25.3,80.0,0.2,light (20-30 dBZ)
Veravil,Kilinochchi,2026-09-17 15:01:00Z,25.3,80.0,0.2,light (20-30 dBZ)
Veravil,Kilinochchi,2026-09-17 16:01:00Z,25.3,80.0,0.2,light (20-30 dBZ)
Veravil,Kilinochchi,2026-09-20 06:52:23Z,25.3,80.0,0.2,light (20-30 dBZ)
Veravil,Kilinochchi,2026-09-21 12:52:22Z,25.3,80.0,0.2,light (20-30 dBZ)
Veravil,Kilinochchi,2026-09-22 04:32:22Z,22.7,60.0,0.2,light (20-30 dBZ)
Veravil,Kilinochchi,2026-09-22 13:01:00Z,22.7,60.0,0.2,light (20-30 dBZ)
Veravil,Kilinochchi,2026-09-22 14:01:00Z,22.7,60.0,0.2,light (20-30 dBZ)
Veravil,Kilinochchi,2026-09-22 14:37:00Z,22.7,60.0,0.2,light (20-30 dBZ)
Veravil,Kilinochchi,2026-09-22 15:03:00Z,22.7,60.0,0.2,light (20-30 dBZ)
Veravil,Kilinochchi,2026-09-22 15:46:05Z,20.0,20.0,1.2,light (20-30 dBZ)
Veravil,Kilinochchi,2026-09-22 16:01:00Z,20.0,20.0,1.2,light (20-30 dBZ)
Veravil,Kilinochchi,2026-09-23 14:36:09Z,25.3,80.0,0.2,light (20-30 dBZ)
Veravil,Kilinochchi,2026-09-23 14:46:09Z,22.7,60.0,0.2,light (20-30 dBZ)
Veravil,Kilinochchi,2026-09-23 15:01:00Z,22.7,60.0,0.2,light (20-30 dBZ)
Veravil,Kilinochchi,2026-09-23 16:01:00Z,22.7,60.0,0.2,light (20-30 dBZ)
Veravil,Kilinochchi,2026-09-23 16:40:00Z,22.7,60.0,0.2,light (20-30 dBZ)
Veravil,Kilinochchi,2026-09-23 17:01:00Z,22.7,60.0,0.2,light (20-30 dBZ)
Veravil,Kilinochchi,2026-09-23 18:36:42Z,20.0,20.0,1.2,light (20-30 dBZ)
Veravil,Kilinochchi,2026-09-23 19:01:00Z,25.3,80.0,0.2,light (20-30 dBZ)
Veravil,Kilinochchi,2026-09-23 20:00:00Z,25.3,80.0,0.2,light (20-30 dBZ)
Veravil,Kilinochchi,2026-09-23 21:01:00Z,25.3,80.0,0.2,light (20-30 dBZ)
Veravil,Kilinochchi,2026-09-23 22:01:00Z,25.3,80.0,0.2,light (20-30 dBZ)
Veravil,Kilinochchi,2026-09-24 07:01:00Z,22.7,60.0,0.2,light (20-30 dBZ)
Veravil,Kilinochchi,2026-09-24 08:01:00Z,22.7,60.0,0.2,light (20-30 dBZ)
Veravil,Kilinochchi,2026-09-24 09:01:00Z,22.7,60.0,0.2,light (20-30 dBZ)
Veravil,Kilinochchi,2026-09-24 09:51:00Z,22.7,60.0,0.2,light (20-30 dBZ)
Veravil,Kilinochchi,2026-09-24 11:01:00Z,22.7,60.0,0.2,light (20-30 dBZ)
Veravil,Kilinochchi,2026-09-24 12:01:00Z,22.7,60.0,0.2,light (20-30 dBZ)
Veravil,Kilinochchi,2026-09-24 13:01:00Z,20.0,20.0,1.2,light (20-30 dBZ)
Veravil,Kilinochchi,2026-09-24 18:59:00Z,20.0,20.0,1.2,light (20-30 dBZ)
Veravil,Kilinochchi,2026-09-24 19:01:00Z,20.0,20.0,1.2,light (20-30 dBZ)
Veravil,Kilinochchi,2026-09-26 02:42:22Z,20.0,20.0,1.2,light (20-30 dBZ)
Veravil,Kilinochchi,2026-10-01 13:02:22Z,25.3,24.0,2.2,light (20-30 dBZ)
Veravil,Kilinochchi,2026-10-02 07:02:25Z,44.0,76.0,1.0,heavy (40-50 dBZ)
Veravil,Kilinochchi,2026-10-02 08:42:23Z,30.7,24.0,2.1,moderate (30-40 dBZ)
Veravil,Kilinochchi,2026-10-03 08:12:23Z,28.0,36.0,1.0,light (20-30 dBZ)
Veravil,Kilinochchi,2026-10-03 08:22:23Z,36.0,80.0,0.2,moderate (30-40 dBZ)
Veravil,Kilinochchi,2026-10-03 08:32:22Z,25.3,60.0,0.7,light (20-30 dBZ)
Veravil,Kilinochchi,2026-10-03 08:42:23Z,33.3,60.0,0.7,moderate (30-40 dBZ)
Veravil,Kilinochchi,2026-10-03 08:52:22Z,33.3,100.0,0.2,moderate (30-40 dBZ)
Veravil,Kilinochchi,2026-10-03 09:02:22Z,30.7,80.0,0.2,moderate (30-40 dBZ)
Veravil,Kilinochchi,2026-10-03 15:22:23Z,20.0,8.0,2.0,light (20-30 dBZ)
Veravil,Kilinochchi,2026-10-03 15:32:22Z,20.0,8.0,1.0,light (20-30 dBZ)
Veravil,Kilinochchi,2026-10-03 15:42:22Z,25.3,8.0,1.1,light (20-30 dBZ)
Veravil,Kilinochchi,2026-10-03 16:02:22Z,20.0,12.0,2.2,light (20-30 dBZ)
Veravil,Kilinochchi,2026-10-04 06:52:23Z,20.0,8.0,1.3,light (20-30 dBZ)
Visvamadu,Mullaitivu,2026-09-15 23:22:01Z,20.0,44.0,0.5,light (20-30 dBZ)
Visvamadu,Mullaitivu,2026-09-17 12:12:26Z,20.0,68.0,0.5,light (20-30 dBZ)
Visvamadu,Mullaitivu,2026-09-17 13:00:00Z,20.0,68.0,0.5,light (20-30 dBZ)
Visvamadu,Mullaitivu,2026-09-17 13:18:00Z,20.0,68.0,0.5,light (20-30 dBZ)
Visvamadu,Mullaitivu,2026-09-17 14:01:00Z,20.0,68.0,0.5,light (20-30 dBZ)
Visvamadu,Mullaitivu,2026-09-17 15:01:00Z,20.0,68.0,0.5,light (20-30 dBZ)
Visvamadu,Mullaitivu,2026-09-17 16:01:00Z,20.0,68.0,0.5,light (20-30 dBZ)
Visvamadu,Mullaitivu,2026-09-20 06:52:23Z,20.0,68.0,0.5,light (20-30 dBZ)
Visvamadu,Mullaitivu,2026-09-21 12:52:22Z,20.0,68.0,0.5,light (20-30 dBZ)
Visvamadu,Mullaitivu,2026-09-22 04:32:22Z,22.7,44.0,0.5,light (20-30 dBZ)
Visvamadu,Mullaitivu,2026-09-22 13:01:00Z,22.7,44.0,0.5,light (20-30 dBZ)
Visvamadu,Mullaitivu,2026-09-22 14:01:00Z,22.7,44.0,0.5,light (20-30 dBZ)
Visvamadu,Mullaitivu,2026-09-22 14:37:00Z,22.7,44.0,0.5,light (20-30 dBZ)
Visvamadu,Mullaitivu,2026-09-22 15:03:00Z,22.7,44.0,0.5,light (20-30 dBZ)
Visvamadu,Mullaitivu,2026-09-23 14:36:09Z,20.0,68.0,0.5,light (20-30 dBZ)
Visvamadu,Mullaitivu,2026-09-23 14:46:09Z,22.7,44.0,0.5,light (20-30 dBZ)
Visvamadu,Mullaitivu,2026-09-23 15:01:00Z,22.7,44.0,0.5,light (20-30 dBZ)
Visvamadu,Mullaitivu,2026-09-23 16:01:00Z,22.7,44.0,0.5,light (20-30 dBZ)
Visvamadu,Mullaitivu,2026-09-23 16:40:00Z,22.7,44.0,0.5,light (20-30 dBZ)
Visvamadu,Mullaitivu,2026-09-23 17:01:00Z,22.7,44.0,0.5,light (20-30 dBZ)
Visvamadu,Mullaitivu,2026-09-23 19:01:00Z,20.0,68.0,0.5,light (20-30 dBZ)
Visvamadu,Mullaitivu,2026-09-23 20:00:00Z,20.0,68.0,0.5,light (20-30 dBZ)
Visvamadu,Mullaitivu,2026-09-23 21:01:00Z,20.0,68.0,0.5,light (20-30 dBZ)
Visvamadu,Mullaitivu,2026-09-23 22:01:00Z,20.0,68.0,0.5,light (20-30 dBZ)
Visvamadu,Mullaitivu,2026-09-24 07:01:00Z,22.7,44.0,0.5,light (20-30 dBZ)
Visvamadu,Mullaitivu,2026-09-24 08:01:00Z,22.7,44.0,0.5,light (20-30 dBZ)
Visvamadu,Mullaitivu,2026-09-24 09:01:00Z,22.7,44.0,0.5,light (20-30 dBZ)
Visvamadu,Mullaitivu,2026-09-24 09:51:00Z,22.7,44.0,0.5,light (20-30 dBZ)
Visvamadu,Mullaitivu,2026-09-24 11:01:00Z,22.7,44.0,0.5,light (20-30 dBZ)
Visvamadu,Mullaitivu,2026-09-24 12:01:00Z,22.7,44.0,0.5,light (20-30 dBZ)
Visvamadu,Mullaitivu,2026-09-28 08:12:22Z,20.0,12.0,2.4,light (20-30 dBZ)
Visvamadu,Mullaitivu,2026-09-28 08:22:23Z,38.7,20.0,1.8,moderate (30-40 dBZ)
Visvamadu,Mullaitivu,2026-09-28 08:32:23Z,38.7,88.0,0.5,moderate (30-40 dBZ)
Visvamadu,Mullaitivu,2026-09-28 08:42:22Z,41.3,88.0,0.5,heavy (40-50 dBZ)
Visvamadu,Mullaitivu,2026-09-28 08:52:23Z,41.3,64.0,0.5,heavy (40-50 dBZ)
Visvamadu,Mullaitivu,2026-09-28 09:01:00Z,41.3,88.0,0.5,heavy (40-50 dBZ)
Visvamadu,Mullaitivu,2026-09-28 09:02:22Z,44.0,64.0,0.5,heavy (40-50 dBZ)
Visvamadu,Mullaitivu,2026-09-28 10:01:00Z,44.0,64.0,0.5,heavy (40-50 dBZ)
Visvamadu,Mullaitivu,2026-09-28 10:22:23Z,22.7,32.0,0.5,light (20-30 dBZ)
Visvamadu,Mullaitivu,2026-09-28 10:32:22Z,22.7,8.0,2.1,light (20-30 dBZ)
Visvamadu,Mullaitivu,2026-09-28 10:42:23Z,20.0,44.0,0.5,light (20-30 dBZ)
Visvamadu,Mullaitivu,2026-09-28 11:01:00Z,20.0,44.0,0.5,light (20-30 dBZ)
Visvamadu,Mullaitivu,2026-09-30 08:12:22Z,44.0,64.0,0.5,heavy (40-50 dBZ)
Visvamadu,Mullaitivu,2026-09-30 08:32:23Z,30.7,56.0,0.7,moderate (30-40 dBZ)
Visvamadu,Mullaitivu,2026-09-30 08:42:22Z,44.0,100.0,0.5,heavy (40-50 dBZ)
Visvamadu,Mullaitivu,2026-09-30 08:52:22Z,36.0,100.0,0.4,moderate (30-40 dBZ)
Visvamadu,Mullaitivu,2026-09-30 09:02:22Z,28.0,100.0,0.5,light (20-30 dBZ)
